--------------------------------------------------------
--  File created - Monday-November-26-2018   
--------------------------------------------------------
--------------------------------------------------------
--  DDL for Sequence BB_IDBASKETITEM_SEQ
--------------------------------------------------------

   CREATE SEQUENCE  "USERBB"."BB_IDBASKETITEM_SEQ"  MINVALUE 1 MAXVALUE 9999999999999999999999999999 INCREMENT BY 1 START WITH 50 CACHE 20 NOORDER  NOCYCLE ;
--------------------------------------------------------
--  DDL for Sequence BB_IDBASKET_SEQ
--------------------------------------------------------

   CREATE SEQUENCE  "USERBB"."BB_IDBASKET_SEQ"  MINVALUE 1 MAXVALUE 9999999999999999999999999999 INCREMENT BY 1 START WITH 25 CACHE 20 NOORDER  NOCYCLE ;
--------------------------------------------------------
--  DDL for Sequence BB_POPTION_SEQ
--------------------------------------------------------

   CREATE SEQUENCE  "USERBB"."BB_POPTION_SEQ"  MINVALUE 1 MAXVALUE 9999999999999999999999999999 INCREMENT BY 1 START WITH 30 CACHE 20 NOORDER  NOCYCLE ;
--------------------------------------------------------
--  DDL for Sequence BB_PRODID_SEQ
--------------------------------------------------------

   CREATE SEQUENCE  "USERBB"."BB_PRODID_SEQ"  MINVALUE 1 MAXVALUE 9999999999999999999999999999 INCREMENT BY 1 START WITH 15 CACHE 20 NOORDER  NOCYCLE ;
--------------------------------------------------------
--  DDL for Sequence BB_PRODREQ_SEQ
--------------------------------------------------------

   CREATE SEQUENCE  "USERBB"."BB_PRODREQ_SEQ"  MINVALUE 1 MAXVALUE 9999999999999999999999999999 INCREMENT BY 1 START WITH 1 CACHE 20 NOORDER  NOCYCLE ;
--------------------------------------------------------
--  DDL for Sequence BB_SHOPPER_SEQ
--------------------------------------------------------

   CREATE SEQUENCE  "USERBB"."BB_SHOPPER_SEQ"  MINVALUE 1 MAXVALUE 9999999999999999999999999999 INCREMENT BY 1 START WITH 30 CACHE 20 NOORDER  NOCYCLE ;
--------------------------------------------------------
--  DDL for Sequence BB_STATUS_SEQ
--------------------------------------------------------

   CREATE SEQUENCE  "USERBB"."BB_STATUS_SEQ"  MINVALUE 1 MAXVALUE 9999999999999999999999999999 INCREMENT BY 1 START WITH 35 CACHE 20 NOORDER  NOCYCLE ;
--------------------------------------------------------
--  DDL for Table BB_AUDIT_LOGON
--------------------------------------------------------

  CREATE TABLE "USERBB"."BB_AUDIT_LOGON" 
   (	"USERID" VARCHAR2(10 BYTE), 
	"LOGDATE" DATE
   ) SEGMENT CREATION DEFERRED 
  PCTFREE 10 PCTUSED 40 INITRANS 1 MAXTRANS 255 NOCOMPRESS LOGGING
  TABLESPACE "USERS" ;
--------------------------------------------------------
--  DDL for Table BB_BASKET
--------------------------------------------------------

  CREATE TABLE "USERBB"."BB_BASKET" 
   (	"IDBASKET" NUMBER(5,0), 
	"QUANTITY" NUMBER(2,0), 
	"IDSHOPPER" NUMBER(4,0), 
	"ORDERPLACED" NUMBER(1,0), 
	"SUBTOTAL" NUMBER(7,2), 
	"TOTAL" NUMBER(7,2), 
	"SHIPPING" NUMBER(5,2), 
	"TAX" NUMBER(5,2), 
	"DTCREATED" DATE DEFAULT SYSDATE, 
	"PROMO" NUMBER(2,0), 
	"SHIPFIRSTNAME" VARCHAR2(10 BYTE), 
	"SHIPLASTNAME" VARCHAR2(20 BYTE), 
	"SHIPADDRESS" VARCHAR2(40 BYTE), 
	"SHIPCITY" VARCHAR2(20 BYTE), 
	"SHIPSTATE" VARCHAR2(2 BYTE), 
	"SHIPZIPCODE" VARCHAR2(15 BYTE), 
	"SHIPPHONE" VARCHAR2(10 BYTE), 
	"SHIPFAX" VARCHAR2(10 BYTE), 
	"SHIPEMAIL" VARCHAR2(25 BYTE), 
	"BILLFIRSTNAME" VARCHAR2(10 BYTE), 
	"BILLLASTNAME" VARCHAR2(20 BYTE), 
	"BILLADDRESS" VARCHAR2(40 BYTE), 
	"BILLCITY" VARCHAR2(20 BYTE), 
	"BILLSTATE" VARCHAR2(2 BYTE), 
	"BILLZIPCODE" VARCHAR2(15 BYTE), 
	"BILLPHONE" VARCHAR2(10 BYTE), 
	"BILLFAX" VARCHAR2(10 BYTE), 
	"BILLEMAIL" VARCHAR2(25 BYTE), 
	"DTORDERED" DATE DEFAULT SYSDATE, 
	"SHIPPROVINCE" VARCHAR2(20 BYTE), 
	"SHIPCOUNTRY" VARCHAR2(20 BYTE), 
	"BILLPROVINCE" VARCHAR2(20 BYTE), 
	"BILLCOUNTRY" VARCHAR2(20 BYTE), 
	"CARDTYPE" CHAR(1 BYTE), 
	"CARDNUMBER" VARCHAR2(20 BYTE), 
	"EXPMONTH" CHAR(2 BYTE), 
	"EXPYEAR" CHAR(4 BYTE), 
	"CARDNAME" VARCHAR2(25 BYTE), 
	"SHIPBILL" CHAR(1 BYTE) DEFAULT 'N', 
	"SHIPFLAG" CHAR(1 BYTE) DEFAULT 'N'
   ) SEGMENT CREATION IMMEDIATE 
  PCTFREE 10 PCTUSED 40 INITRANS 1 MAXTRANS 255 NOCOMPRESS LOGGING
  STORAGE(INITIAL 65536 NEXT 1048576 MINEXTENTS 1 MAXEXTENTS 2147483645
  PCTINCREASE 0 FREELISTS 1 FREELIST GROUPS 1 BUFFER_POOL DEFAULT FLASH_CACHE DEFAULT CELL_FLASH_CACHE DEFAULT)
  TABLESPACE "USERS" ;
--------------------------------------------------------
--  DDL for Table BB_BASKETITEM
--------------------------------------------------------

  CREATE TABLE "USERBB"."BB_BASKETITEM" 
   (	"IDBASKETITEM" NUMBER(2,0), 
	"IDPRODUCT" NUMBER(2,0), 
	"PRICE" NUMBER(6,2), 
	"QUANTITY" NUMBER(2,0), 
	"IDBASKET" NUMBER(5,0), 
	"OPTION1" NUMBER(2,0), 
	"OPTION2" NUMBER(2,0)
   ) SEGMENT CREATION IMMEDIATE 
  PCTFREE 10 PCTUSED 40 INITRANS 1 MAXTRANS 255 NOCOMPRESS LOGGING
  STORAGE(INITIAL 65536 NEXT 1048576 MINEXTENTS 1 MAXEXTENTS 2147483645
  PCTINCREASE 0 FREELISTS 1 FREELIST GROUPS 1 BUFFER_POOL DEFAULT FLASH_CACHE DEFAULT CELL_FLASH_CACHE DEFAULT)
  TABLESPACE "USERS" ;
--------------------------------------------------------
--  DDL for Table BB_BASKETSTATUS
--------------------------------------------------------

  CREATE TABLE "USERBB"."BB_BASKETSTATUS" 
   (	"IDSTATUS" NUMBER(5,0), 
	"IDBASKET" NUMBER(5,0), 
	"IDSTAGE" NUMBER(1,0), 
	"DTSTAGE" DATE, 
	"NOTES" VARCHAR2(50 BYTE), 
	"SHIPPER" VARCHAR2(5 BYTE), 
	"SHIPPINGNUM" VARCHAR2(20 BYTE)
   ) SEGMENT CREATION IMMEDIATE 
  PCTFREE 10 PCTUSED 40 INITRANS 1 MAXTRANS 255 NOCOMPRESS LOGGING
  STORAGE(INITIAL 65536 NEXT 1048576 MINEXTENTS 1 MAXEXTENTS 2147483645
  PCTINCREASE 0 FREELISTS 1 FREELIST GROUPS 1 BUFFER_POOL DEFAULT FLASH_CACHE DEFAULT CELL_FLASH_CACHE DEFAULT)
  TABLESPACE "USERS" ;
--------------------------------------------------------
--  DDL for Table BB_BLOCKTEST
--------------------------------------------------------

  CREATE TABLE "USERBB"."BB_BLOCKTEST" 
   (	"TESTCOL" VARCHAR2(15 BYTE)
   ) SEGMENT CREATION DEFERRED 
  PCTFREE 10 PCTUSED 40 INITRANS 1 MAXTRANS 255 NOCOMPRESS LOGGING
  TABLESPACE "USERS" ;
--------------------------------------------------------
--  DDL for Table BB_DEPARTMENT
--------------------------------------------------------

  CREATE TABLE "USERBB"."BB_DEPARTMENT" 
   (	"IDDEPARTMENT" NUMBER(2,0), 
	"DEPTNAME" VARCHAR2(25 BYTE), 
	"DEPTDESC" VARCHAR2(100 BYTE), 
	"DEPTIMAGE" VARCHAR2(25 BYTE)
   ) SEGMENT CREATION IMMEDIATE 
  PCTFREE 10 PCTUSED 40 INITRANS 1 MAXTRANS 255 NOCOMPRESS LOGGING
  STORAGE(INITIAL 65536 NEXT 1048576 MINEXTENTS 1 MAXEXTENTS 2147483645
  PCTINCREASE 0 FREELISTS 1 FREELIST GROUPS 1 BUFFER_POOL DEFAULT FLASH_CACHE DEFAULT CELL_FLASH_CACHE DEFAULT)
  TABLESPACE "USERS" ;
--------------------------------------------------------
--  DDL for Table BB_PRODUCT
--------------------------------------------------------

  CREATE TABLE "USERBB"."BB_PRODUCT" 
   (	"IDPRODUCT" NUMBER(2,0), 
	"PRODUCTNAME" VARCHAR2(25 BYTE), 
	"DESCRIPTION" VARCHAR2(100 BYTE), 
	"PRODUCTIMAGE" VARCHAR2(25 BYTE), 
	"PRICE" NUMBER(6,2), 
	"SALESTART" DATE, 
	"SALEEND" DATE, 
	"SALEPRICE" NUMBER(6,2), 
	"ACTIVE" NUMBER(1,0), 
	"FEATURED" NUMBER(1,0), 
	"FEATURESTART" DATE, 
	"FEATUREEND" DATE, 
	"TYPE" CHAR(1 BYTE), 
	"IDDEPARTMENT" NUMBER(2,0), 
	"STOCK" NUMBER(5,1), 
	"ORDERED" NUMBER(3,0), 
	"REORDER" NUMBER(3,0)
   ) SEGMENT CREATION IMMEDIATE 
  PCTFREE 10 PCTUSED 40 INITRANS 1 MAXTRANS 255 NOCOMPRESS LOGGING
  STORAGE(INITIAL 65536 NEXT 1048576 MINEXTENTS 1 MAXEXTENTS 2147483645
  PCTINCREASE 0 FREELISTS 1 FREELIST GROUPS 1 BUFFER_POOL DEFAULT FLASH_CACHE DEFAULT CELL_FLASH_CACHE DEFAULT)
  TABLESPACE "USERS" ;
--------------------------------------------------------
--  DDL for Table BB_PRODUCTOPTION
--------------------------------------------------------

  CREATE TABLE "USERBB"."BB_PRODUCTOPTION" 
   (	"IDPRODUCTOPTION" NUMBER(3,0), 
	"IDOPTION" NUMBER(2,0), 
	"IDPRODUCT" NUMBER(2,0)
   ) SEGMENT CREATION IMMEDIATE 
  PCTFREE 10 PCTUSED 40 INITRANS 1 MAXTRANS 255 NOCOMPRESS LOGGING
  STORAGE(INITIAL 65536 NEXT 1048576 MINEXTENTS 1 MAXEXTENTS 2147483645
  PCTINCREASE 0 FREELISTS 1 FREELIST GROUPS 1 BUFFER_POOL DEFAULT FLASH_CACHE DEFAULT CELL_FLASH_CACHE DEFAULT)
  TABLESPACE "USERS" ;
--------------------------------------------------------
--  DDL for Table BB_PRODUCTOPTIONCATEGORY
--------------------------------------------------------

  CREATE TABLE "USERBB"."BB_PRODUCTOPTIONCATEGORY" 
   (	"IDOPTIONCATEGORY" NUMBER(2,0), 
	"CATEGORYNAME" VARCHAR2(25 BYTE)
   ) SEGMENT CREATION IMMEDIATE 
  PCTFREE 10 PCTUSED 40 INITRANS 1 MAXTRANS 255 NOCOMPRESS LOGGING
  STORAGE(INITIAL 65536 NEXT 1048576 MINEXTENTS 1 MAXEXTENTS 2147483645
  PCTINCREASE 0 FREELISTS 1 FREELIST GROUPS 1 BUFFER_POOL DEFAULT FLASH_CACHE DEFAULT CELL_FLASH_CACHE DEFAULT)
  TABLESPACE "USERS" ;
--------------------------------------------------------
--  DDL for Table BB_PRODUCTOPTIONDETAIL
--------------------------------------------------------

  CREATE TABLE "USERBB"."BB_PRODUCTOPTIONDETAIL" 
   (	"IDOPTION" NUMBER(2,0), 
	"OPTIONNAME" VARCHAR2(25 BYTE), 
	"IDOPTIONCATEGORY" NUMBER(2,0)
   ) SEGMENT CREATION IMMEDIATE 
  PCTFREE 10 PCTUSED 40 INITRANS 1 MAXTRANS 255 NOCOMPRESS LOGGING
  STORAGE(INITIAL 65536 NEXT 1048576 MINEXTENTS 1 MAXEXTENTS 2147483645
  PCTINCREASE 0 FREELISTS 1 FREELIST GROUPS 1 BUFFER_POOL DEFAULT FLASH_CACHE DEFAULT CELL_FLASH_CACHE DEFAULT)
  TABLESPACE "USERS" ;
--------------------------------------------------------
--  DDL for Table BB_PRODUCT_REQUEST
--------------------------------------------------------

  CREATE TABLE "USERBB"."BB_PRODUCT_REQUEST" 
   (	"IDREQUEST" NUMBER(4,0), 
	"IDPRODUCT" NUMBER(2,0), 
	"DTREQUEST" DATE DEFAULT SYSDATE, 
	"DTRECD" DATE, 
	"COST" NUMBER(6,2), 
	"QTY" NUMBER(3,0), 
	"IDVENDER" NUMBER(3,0)
   ) SEGMENT CREATION DEFERRED 
  PCTFREE 10 PCTUSED 40 INITRANS 1 MAXTRANS 255 NOCOMPRESS LOGGING
  TABLESPACE "USERS" ;
--------------------------------------------------------
--  DDL for Table BB_PROD_SALES
--------------------------------------------------------

  CREATE TABLE "USERBB"."BB_PROD_SALES" 
   (	"IDPRODUCT" NUMBER(2,0), 
	"MONTH" CHAR(3 BYTE), 
	"YEAR" CHAR(4 BYTE), 
	"QTY" NUMBER(5,0), 
	"TOTAL" NUMBER(6,2)
   ) SEGMENT CREATION DEFERRED 
  PCTFREE 10 PCTUSED 40 INITRANS 1 MAXTRANS 255 NOCOMPRESS LOGGING
  TABLESPACE "USERS" ;
--------------------------------------------------------
--  DDL for Table BB_PROMO
--------------------------------------------------------

  CREATE TABLE "USERBB"."BB_PROMO" 
   (	"IDPROMO" CHAR(1 BYTE), 
	"AMOUNT" NUMBER(5,2)
   ) SEGMENT CREATION IMMEDIATE 
  PCTFREE 10 PCTUSED 40 INITRANS 1 MAXTRANS 255 NOCOMPRESS LOGGING
  STORAGE(INITIAL 65536 NEXT 1048576 MINEXTENTS 1 MAXEXTENTS 2147483645
  PCTINCREASE 0 FREELISTS 1 FREELIST GROUPS 1 BUFFER_POOL DEFAULT FLASH_CACHE DEFAULT CELL_FLASH_CACHE DEFAULT)
  TABLESPACE "USERS" ;
--------------------------------------------------------
--  DDL for Table BB_PROMOLIST
--------------------------------------------------------

  CREATE TABLE "USERBB"."BB_PROMOLIST" 
   (	"IDSHOPPER" NUMBER(4,0), 
	"MONTH" CHAR(3 BYTE), 
	"YEAR" CHAR(4 BYTE), 
	"PROMO_FLAG" CHAR(2 BYTE), 
	"USED" CHAR(1 BYTE) DEFAULT 'N'
   ) SEGMENT CREATION IMMEDIATE 
  PCTFREE 10 PCTUSED 40 INITRANS 1 MAXTRANS 255 NOCOMPRESS LOGGING
  STORAGE(INITIAL 65536 NEXT 1048576 MINEXTENTS 1 MAXEXTENTS 2147483645
  PCTINCREASE 0 FREELISTS 1 FREELIST GROUPS 1 BUFFER_POOL DEFAULT FLASH_CACHE DEFAULT CELL_FLASH_CACHE DEFAULT)
  TABLESPACE "USERS" ;
--------------------------------------------------------
--  DDL for Table BB_SHIPPING
--------------------------------------------------------

  CREATE TABLE "USERBB"."BB_SHIPPING" 
   (	"IDRANGE" NUMBER(2,0), 
	"LOW" NUMBER(3,0), 
	"HIGH" NUMBER(3,0), 
	"FEE" NUMBER(6,2)
   ) SEGMENT CREATION IMMEDIATE 
  PCTFREE 10 PCTUSED 40 INITRANS 1 MAXTRANS 255 NOCOMPRESS LOGGING
  STORAGE(INITIAL 65536 NEXT 1048576 MINEXTENTS 1 MAXEXTENTS 2147483645
  PCTINCREASE 0 FREELISTS 1 FREELIST GROUPS 1 BUFFER_POOL DEFAULT FLASH_CACHE DEFAULT CELL_FLASH_CACHE DEFAULT)
  TABLESPACE "USERS" ;
--------------------------------------------------------
--  DDL for Table BB_SHOPPER
--------------------------------------------------------

  CREATE TABLE "USERBB"."BB_SHOPPER" 
   (	"IDSHOPPER" NUMBER(4,0), 
	"FIRSTNAME" VARCHAR2(15 BYTE), 
	"LASTNAME" VARCHAR2(20 BYTE), 
	"ADDRESS" VARCHAR2(40 BYTE), 
	"CITY" VARCHAR2(20 BYTE), 
	"STATE" CHAR(2 BYTE), 
	"ZIPCODE" VARCHAR2(15 BYTE), 
	"PHONE" VARCHAR2(10 BYTE), 
	"FAX" VARCHAR2(10 BYTE), 
	"EMAIL" VARCHAR2(25 BYTE), 
	"USERNAME" VARCHAR2(8 BYTE), 
	"PASSWORD" VARCHAR2(8 BYTE), 
	"COOKIE" NUMBER(4,0) DEFAULT 0, 
	"DTENTERED" DATE DEFAULT SYSDATE, 
	"PROVINCE" VARCHAR2(15 BYTE), 
	"COUNTRY" VARCHAR2(15 BYTE), 
	"PROMO" CHAR(1 BYTE)
   ) SEGMENT CREATION IMMEDIATE 
  PCTFREE 10 PCTUSED 40 INITRANS 1 MAXTRANS 255 NOCOMPRESS LOGGING
  STORAGE(INITIAL 65536 NEXT 1048576 MINEXTENTS 1 MAXEXTENTS 2147483645
  PCTINCREASE 0 FREELISTS 1 FREELIST GROUPS 1 BUFFER_POOL DEFAULT FLASH_CACHE DEFAULT CELL_FLASH_CACHE DEFAULT)
  TABLESPACE "USERS" ;
--------------------------------------------------------
--  DDL for Table BB_SHOP_SALES
--------------------------------------------------------

  CREATE TABLE "USERBB"."BB_SHOP_SALES" 
   (	"IDSHOPPER" NUMBER(4,0), 
	"TOTAL" NUMBER(6,2)
   ) SEGMENT CREATION DEFERRED 
  PCTFREE 10 PCTUSED 40 INITRANS 1 MAXTRANS 255 NOCOMPRESS LOGGING
  TABLESPACE "USERS" ;
--------------------------------------------------------
--  DDL for Table BB_TAX
--------------------------------------------------------

  CREATE TABLE "USERBB"."BB_TAX" 
   (	"IDSTATE" NUMBER(2,0), 
	"STATE" CHAR(2 BYTE), 
	"TAXRATE" NUMBER(4,3)
   ) SEGMENT CREATION IMMEDIATE 
  PCTFREE 10 PCTUSED 40 INITRANS 1 MAXTRANS 255 NOCOMPRESS LOGGING
  STORAGE(INITIAL 65536 NEXT 1048576 MINEXTENTS 1 MAXEXTENTS 2147483645
  PCTINCREASE 0 FREELISTS 1 FREELIST GROUPS 1 BUFFER_POOL DEFAULT FLASH_CACHE DEFAULT CELL_FLASH_CACHE DEFAULT)
  TABLESPACE "USERS" ;
--------------------------------------------------------
--  DDL for Table BB_TEST1
--------------------------------------------------------

  CREATE TABLE "USERBB"."BB_TEST1" 
   (	"COL1" NUMBER(2,0)
   ) SEGMENT CREATION IMMEDIATE 
  PCTFREE 10 PCTUSED 40 INITRANS 1 MAXTRANS 255 NOCOMPRESS LOGGING
  STORAGE(INITIAL 65536 NEXT 1048576 MINEXTENTS 1 MAXEXTENTS 2147483645
  PCTINCREASE 0 FREELISTS 1 FREELIST GROUPS 1 BUFFER_POOL DEFAULT FLASH_CACHE DEFAULT CELL_FLASH_CACHE DEFAULT)
  TABLESPACE "USERS" ;
--------------------------------------------------------
--  DDL for Table BB_TEST2
--------------------------------------------------------

  CREATE TABLE "USERBB"."BB_TEST2" 
   (	"COL1" NUMBER(2,0)
   ) SEGMENT CREATION DEFERRED 
  PCTFREE 10 PCTUSED 40 INITRANS 1 MAXTRANS 255 NOCOMPRESS LOGGING
  TABLESPACE "USERS" ;
--------------------------------------------------------
--  DDL for Table BB_TRANS_LOG
--------------------------------------------------------

  CREATE TABLE "USERBB"."BB_TRANS_LOG" 
   (	"SHOPPER" NUMBER(4,0), 
	"APPACTION" VARCHAR2(20 BYTE), 
	"ERRCODE" VARCHAR2(10 BYTE), 
	"ERRMSG" VARCHAR2(80 BYTE)
   ) SEGMENT CREATION DEFERRED 
  PCTFREE 10 PCTUSED 40 INITRANS 1 MAXTRANS 255 NOCOMPRESS LOGGING
  TABLESPACE "USERS" ;
--------------------------------------------------------
--  DDL for View BB_BASKETITEM_VU
--------------------------------------------------------

  CREATE OR REPLACE FORCE VIEW "USERBB"."BB_BASKETITEM_VU" ("IDBASKETITEM", "IDPRODUCT", "PRICE", "QUANTITY", "IDBASKET", "OPTION1", "OPTION2") AS 
  select "IDBASKETITEM","IDPRODUCT","PRICE","QUANTITY","IDBASKET","OPTION1","OPTION2" from bb_basketitem
;
--------------------------------------------------------
--  DDL for View BB_SHIP_VU
--------------------------------------------------------

  CREATE OR REPLACE FORCE VIEW "USERBB"."BB_SHIP_VU" ("IDBASKET", "SHIPFLAG", "IDSTAGE", "DTSTAGE", "NOTES", "SHIPPER", "SHIPPINGNUM") AS 
  SELECT b.idbasket, b.shipflag, bs.idstage, bs.dtstage, bs.notes,
            bs.shipper, bs.shippingnum
      FROM bb_basket b, bb_basketstatus bs
      WHERE b.idBasket = bs.idBasket
;
REM INSERTING into USERBB.BB_AUDIT_LOGON
SET DEFINE OFF;
REM INSERTING into USERBB.BB_BASKET
SET DEFINE OFF;
Insert into USERBB.BB_BASKET (IDBASKET,QUANTITY,IDSHOPPER,ORDERPLACED,SUBTOTAL,TOTAL,SHIPPING,TAX,DTCREATED,PROMO,SHIPFIRSTNAME,SHIPLASTNAME,SHIPADDRESS,SHIPCITY,SHIPSTATE,SHIPZIPCODE,SHIPPHONE,SHIPFAX,SHIPEMAIL,BILLFIRSTNAME,BILLLASTNAME,BILLADDRESS,BILLCITY,BILLSTATE,BILLZIPCODE,BILLPHONE,BILLFAX,BILLEMAIL,DTORDERED,SHIPPROVINCE,SHIPCOUNTRY,BILLPROVINCE,BILLCOUNTRY,CARDTYPE,CARDNUMBER,EXPMONTH,EXPYEAR,CARDNAME,SHIPBILL,SHIPFLAG) values (3,3,21,1,26.6,32.4,5,0.8,to_date('23-JAN-12','DD-MON-RR'),0,null,null,null,null,null,null,null,null,null,null,null,null,null,null,null,null,null,null,to_date('23-JAN-12','DD-MON-RR'),null,null,null,null,null,null,null,null,null,'N','N');
Insert into USERBB.BB_BASKET (IDBASKET,QUANTITY,IDSHOPPER,ORDERPLACED,SUBTOTAL,TOTAL,SHIPPING,TAX,DTCREATED,PROMO,SHIPFIRSTNAME,SHIPLASTNAME,SHIPADDRESS,SHIPCITY,SHIPSTATE,SHIPZIPCODE,SHIPPHONE,SHIPFAX,SHIPEMAIL,BILLFIRSTNAME,BILLLASTNAME,BILLADDRESS,BILLCITY,BILLSTATE,BILLZIPCODE,BILLPHONE,BILLFAX,BILLEMAIL,DTORDERED,SHIPPROVINCE,SHIPCOUNTRY,BILLPROVINCE,BILLCOUNTRY,CARDTYPE,CARDNUMBER,EXPMONTH,EXPYEAR,CARDNAME,SHIPBILL,SHIPFLAG) values (4,1,21,1,28.5,34.36,5,0.86,to_date('12-FEB-12','DD-MON-RR'),0,'John','Carter','21 Front St.','Raleigh','NC','54822',null,null,null,null,null,null,null,null,null,null,null,null,to_date('12-FEB-12','DD-MON-RR'),null,null,null,null,null,null,null,null,null,'N','N');
Insert into USERBB.BB_BASKET (IDBASKET,QUANTITY,IDSHOPPER,ORDERPLACED,SUBTOTAL,TOTAL,SHIPPING,TAX,DTCREATED,PROMO,SHIPFIRSTNAME,SHIPLASTNAME,SHIPADDRESS,SHIPCITY,SHIPSTATE,SHIPZIPCODE,SHIPPHONE,SHIPFAX,SHIPEMAIL,BILLFIRSTNAME,BILLLASTNAME,BILLADDRESS,BILLCITY,BILLSTATE,BILLZIPCODE,BILLPHONE,BILLFAX,BILLEMAIL,DTORDERED,SHIPPROVINCE,SHIPCOUNTRY,BILLPROVINCE,BILLCOUNTRY,CARDTYPE,CARDNUMBER,EXPMONTH,EXPYEAR,CARDNAME,SHIPBILL,SHIPFLAG) values (5,4,22,1,41.6,48.47,5,1.87,to_date('19-FEB-12','DD-MON-RR'),0,null,null,null,null,null,null,null,null,null,null,null,null,null,null,null,null,null,null,to_date('19-FEB-12','DD-MON-RR'),null,null,null,null,null,null,null,null,null,'N','N');
Insert into USERBB.BB_BASKET (IDBASKET,QUANTITY,IDSHOPPER,ORDERPLACED,SUBTOTAL,TOTAL,SHIPPING,TAX,DTCREATED,PROMO,SHIPFIRSTNAME,SHIPLASTNAME,SHIPADDRESS,SHIPCITY,SHIPSTATE,SHIPZIPCODE,SHIPPHONE,SHIPFAX,SHIPEMAIL,BILLFIRSTNAME,BILLLASTNAME,BILLADDRESS,BILLCITY,BILLSTATE,BILLZIPCODE,BILLPHONE,BILLFAX,BILLEMAIL,DTORDERED,SHIPPROVINCE,SHIPCOUNTRY,BILLPROVINCE,BILLCOUNTRY,CARDTYPE,CARDNUMBER,EXPMONTH,EXPYEAR,CARDNAME,SHIPBILL,SHIPFLAG) values (6,3,22,1,149.99,161.74,5,6.75,to_date('01-MAR-12','DD-MON-RR'),0,'Margaret','Somner','287 Walnut Drive','Chesapeake','VA','23321',null,null,null,null,null,null,null,null,null,null,null,null,to_date('01-MAR-12','DD-MON-RR'),null,null,null,null,null,null,null,null,null,'N','N');
Insert into USERBB.BB_BASKET (IDBASKET,QUANTITY,IDSHOPPER,ORDERPLACED,SUBTOTAL,TOTAL,SHIPPING,TAX,DTCREATED,PROMO,SHIPFIRSTNAME,SHIPLASTNAME,SHIPADDRESS,SHIPCITY,SHIPSTATE,SHIPZIPCODE,SHIPPHONE,SHIPFAX,SHIPEMAIL,BILLFIRSTNAME,BILLLASTNAME,BILLADDRESS,BILLCITY,BILLSTATE,BILLZIPCODE,BILLPHONE,BILLFAX,BILLEMAIL,DTORDERED,SHIPPROVINCE,SHIPCOUNTRY,BILLPROVINCE,BILLCOUNTRY,CARDTYPE,CARDNUMBER,EXPMONTH,EXPYEAR,CARDNAME,SHIPBILL,SHIPFLAG) values (7,2,23,1,21.6,27.25,5,0.65,to_date('26-JAN-12','DD-MON-RR'),0,null,null,null,null,null,null,null,null,null,null,null,null,null,null,null,null,null,null,to_date('26-JAN-12','DD-MON-RR'),null,null,null,null,null,null,null,null,null,'N','N');
Insert into USERBB.BB_BASKET (IDBASKET,QUANTITY,IDSHOPPER,ORDERPLACED,SUBTOTAL,TOTAL,SHIPPING,TAX,DTCREATED,PROMO,SHIPFIRSTNAME,SHIPLASTNAME,SHIPADDRESS,SHIPCITY,SHIPSTATE,SHIPZIPCODE,SHIPPHONE,SHIPFAX,SHIPEMAIL,BILLFIRSTNAME,BILLLASTNAME,BILLADDRESS,BILLCITY,BILLSTATE,BILLZIPCODE,BILLPHONE,BILLFAX,BILLEMAIL,DTORDERED,SHIPPROVINCE,SHIPCOUNTRY,BILLPROVINCE,BILLCOUNTRY,CARDTYPE,CARDNUMBER,EXPMONTH,EXPYEAR,CARDNAME,SHIPBILL,SHIPFLAG) values (8,2,23,1,21.6,27.25,5,0.65,to_date('16-FEB-12','DD-MON-RR'),0,null,null,null,null,null,null,null,null,null,null,null,null,null,null,null,null,null,null,to_date('16-FEB-12','DD-MON-RR'),null,null,null,null,null,null,null,null,null,'N','N');
Insert into USERBB.BB_BASKET (IDBASKET,QUANTITY,IDSHOPPER,ORDERPLACED,SUBTOTAL,TOTAL,SHIPPING,TAX,DTCREATED,PROMO,SHIPFIRSTNAME,SHIPLASTNAME,SHIPADDRESS,SHIPCITY,SHIPSTATE,SHIPZIPCODE,SHIPPHONE,SHIPFAX,SHIPEMAIL,BILLFIRSTNAME,BILLLASTNAME,BILLADDRESS,BILLCITY,BILLSTATE,BILLZIPCODE,BILLPHONE,BILLFAX,BILLEMAIL,DTORDERED,SHIPPROVINCE,SHIPCOUNTRY,BILLPROVINCE,BILLCOUNTRY,CARDTYPE,CARDNUMBER,EXPMONTH,EXPYEAR,CARDNAME,SHIPBILL,SHIPFLAG) values (9,2,23,1,21.6,27.25,5,0.65,to_date('02-MAR-12','DD-MON-RR'),0,null,null,null,null,null,null,null,null,null,null,null,null,null,null,null,null,null,null,to_date('02-MAR-12','DD-MON-RR'),null,null,null,null,null,null,null,null,null,'N','N');
Insert into USERBB.BB_BASKET (IDBASKET,QUANTITY,IDSHOPPER,ORDERPLACED,SUBTOTAL,TOTAL,SHIPPING,TAX,DTCREATED,PROMO,SHIPFIRSTNAME,SHIPLASTNAME,SHIPADDRESS,SHIPCITY,SHIPSTATE,SHIPZIPCODE,SHIPPHONE,SHIPFAX,SHIPEMAIL,BILLFIRSTNAME,BILLLASTNAME,BILLADDRESS,BILLCITY,BILLSTATE,BILLZIPCODE,BILLPHONE,BILLFAX,BILLEMAIL,DTORDERED,SHIPPROVINCE,SHIPCOUNTRY,BILLPROVINCE,BILLCOUNTRY,CARDTYPE,CARDNUMBER,EXPMONTH,EXPYEAR,CARDNAME,SHIPBILL,SHIPFLAG) values (10,3,24,1,38.9,45.65,5,1.75,to_date('07-FEB-12','DD-MON-RR'),0,null,null,null,null,null,null,null,null,null,null,null,null,null,null,null,null,null,null,to_date('07-FEB-12','DD-MON-RR'),null,null,null,null,null,null,null,null,null,'N','N');
Insert into USERBB.BB_BASKET (IDBASKET,QUANTITY,IDSHOPPER,ORDERPLACED,SUBTOTAL,TOTAL,SHIPPING,TAX,DTCREATED,PROMO,SHIPFIRSTNAME,SHIPLASTNAME,SHIPADDRESS,SHIPCITY,SHIPSTATE,SHIPZIPCODE,SHIPPHONE,SHIPFAX,SHIPEMAIL,BILLFIRSTNAME,BILLLASTNAME,BILLADDRESS,BILLCITY,BILLSTATE,BILLZIPCODE,BILLPHONE,BILLFAX,BILLEMAIL,DTORDERED,SHIPPROVINCE,SHIPCOUNTRY,BILLPROVINCE,BILLCOUNTRY,CARDTYPE,CARDNUMBER,EXPMONTH,EXPYEAR,CARDNAME,SHIPBILL,SHIPFLAG) values (11,1,24,1,10,15.45,5,0.45,to_date('27-FEB-12','DD-MON-RR'),0,null,null,null,null,null,null,null,null,null,null,null,null,null,null,null,null,null,null,to_date('27-FEB-12','DD-MON-RR'),null,null,null,null,null,null,null,null,null,'N','N');
Insert into USERBB.BB_BASKET (IDBASKET,QUANTITY,IDSHOPPER,ORDERPLACED,SUBTOTAL,TOTAL,SHIPPING,TAX,DTCREATED,PROMO,SHIPFIRSTNAME,SHIPLASTNAME,SHIPADDRESS,SHIPCITY,SHIPSTATE,SHIPZIPCODE,SHIPPHONE,SHIPFAX,SHIPEMAIL,BILLFIRSTNAME,BILLLASTNAME,BILLADDRESS,BILLCITY,BILLSTATE,BILLZIPCODE,BILLPHONE,BILLFAX,BILLEMAIL,DTORDERED,SHIPPROVINCE,SHIPCOUNTRY,BILLPROVINCE,BILLCOUNTRY,CARDTYPE,CARDNUMBER,EXPMONTH,EXPYEAR,CARDNAME,SHIPBILL,SHIPFLAG) values (12,7,25,0,72.4,83.66,8,3.26,to_date('19-FEB-12','DD-MON-RR'),0,null,null,null,null,null,null,null,null,null,null,null,null,null,null,null,null,null,null,to_date('19-FEB-12','DD-MON-RR'),null,null,null,null,null,null,null,null,null,'N','N');
Insert into USERBB.BB_BASKET (IDBASKET,QUANTITY,IDSHOPPER,ORDERPLACED,SUBTOTAL,TOTAL,SHIPPING,TAX,DTCREATED,PROMO,SHIPFIRSTNAME,SHIPLASTNAME,SHIPADDRESS,SHIPCITY,SHIPSTATE,SHIPZIPCODE,SHIPPHONE,SHIPFAX,SHIPEMAIL,BILLFIRSTNAME,BILLLASTNAME,BILLADDRESS,BILLCITY,BILLSTATE,BILLZIPCODE,BILLPHONE,BILLFAX,BILLEMAIL,DTORDERED,SHIPPROVINCE,SHIPCOUNTRY,BILLPROVINCE,BILLCOUNTRY,CARDTYPE,CARDNUMBER,EXPMONTH,EXPYEAR,CARDNAME,SHIPBILL,SHIPFLAG) values (13,2,26,0,20,0,0,0,to_date('09-FEB-12','DD-MON-RR'),0,null,null,null,null,null,null,null,null,null,null,null,null,null,null,null,null,null,null,null,null,null,null,null,null,null,null,null,null,'N','N');
Insert into USERBB.BB_BASKET (IDBASKET,QUANTITY,IDSHOPPER,ORDERPLACED,SUBTOTAL,TOTAL,SHIPPING,TAX,DTCREATED,PROMO,SHIPFIRSTNAME,SHIPLASTNAME,SHIPADDRESS,SHIPCITY,SHIPSTATE,SHIPZIPCODE,SHIPPHONE,SHIPFAX,SHIPEMAIL,BILLFIRSTNAME,BILLLASTNAME,BILLADDRESS,BILLCITY,BILLSTATE,BILLZIPCODE,BILLPHONE,BILLFAX,BILLEMAIL,DTORDERED,SHIPPROVINCE,SHIPCOUNTRY,BILLPROVINCE,BILLCOUNTRY,CARDTYPE,CARDNUMBER,EXPMONTH,EXPYEAR,CARDNAME,SHIPBILL,SHIPFLAG) values (14,0,26,0,0,0,0,0,to_date('10-FEB-12','DD-MON-RR'),0,null,null,null,null,null,null,null,null,null,null,null,null,null,null,null,null,null,null,null,null,null,null,null,null,null,null,null,null,'N','N');
Insert into USERBB.BB_BASKET (IDBASKET,QUANTITY,IDSHOPPER,ORDERPLACED,SUBTOTAL,TOTAL,SHIPPING,TAX,DTCREATED,PROMO,SHIPFIRSTNAME,SHIPLASTNAME,SHIPADDRESS,SHIPCITY,SHIPSTATE,SHIPZIPCODE,SHIPPHONE,SHIPFAX,SHIPEMAIL,BILLFIRSTNAME,BILLLASTNAME,BILLADDRESS,BILLCITY,BILLSTATE,BILLZIPCODE,BILLPHONE,BILLFAX,BILLEMAIL,DTORDERED,SHIPPROVINCE,SHIPCOUNTRY,BILLPROVINCE,BILLCOUNTRY,CARDTYPE,CARDNUMBER,EXPMONTH,EXPYEAR,CARDNAME,SHIPBILL,SHIPFLAG) values (15,2,27,0,16.2,21.69,5,0.49,to_date('14-FEB-12','DD-MON-RR'),0,null,null,null,null,null,null,null,null,null,null,null,null,null,null,null,null,null,null,null,null,null,null,null,null,null,null,null,null,'N','N');
Insert into USERBB.BB_BASKET (IDBASKET,QUANTITY,IDSHOPPER,ORDERPLACED,SUBTOTAL,TOTAL,SHIPPING,TAX,DTCREATED,PROMO,SHIPFIRSTNAME,SHIPLASTNAME,SHIPADDRESS,SHIPCITY,SHIPSTATE,SHIPZIPCODE,SHIPPHONE,SHIPFAX,SHIPEMAIL,BILLFIRSTNAME,BILLLASTNAME,BILLADDRESS,BILLCITY,BILLSTATE,BILLZIPCODE,BILLPHONE,BILLFAX,BILLEMAIL,DTORDERED,SHIPPROVINCE,SHIPCOUNTRY,BILLPROVINCE,BILLCOUNTRY,CARDTYPE,CARDNUMBER,EXPMONTH,EXPYEAR,CARDNAME,SHIPBILL,SHIPFLAG) values (16,2,27,0,16.2,21.69,5,0.49,to_date('24-FEB-12','DD-MON-RR'),0,null,null,null,null,null,null,null,null,null,null,null,null,null,null,null,null,null,null,null,null,null,null,null,null,null,null,null,null,'N','N');
REM INSERTING into USERBB.BB_BASKETITEM
SET DEFINE OFF;
Insert into USERBB.BB_BASKETITEM (IDBASKETITEM,IDPRODUCT,PRICE,QUANTITY,IDBASKET,OPTION1,OPTION2) values (15,6,5,1,3,1,4);
Insert into USERBB.BB_BASKETITEM (IDBASKETITEM,IDPRODUCT,PRICE,QUANTITY,IDBASKET,OPTION1,OPTION2) values (16,8,10.8,2,3,2,4);
Insert into USERBB.BB_BASKETITEM (IDBASKETITEM,IDPRODUCT,PRICE,QUANTITY,IDBASKET,OPTION1,OPTION2) values (17,4,28.5,1,4,null,null);
Insert into USERBB.BB_BASKETITEM (IDBASKETITEM,IDPRODUCT,PRICE,QUANTITY,IDBASKET,OPTION1,OPTION2) values (18,7,10.8,1,5,2,3);
Insert into USERBB.BB_BASKETITEM (IDBASKETITEM,IDPRODUCT,PRICE,QUANTITY,IDBASKET,OPTION1,OPTION2) values (19,8,10.8,1,5,2,3);
Insert into USERBB.BB_BASKETITEM (IDBASKETITEM,IDPRODUCT,PRICE,QUANTITY,IDBASKET,OPTION1,OPTION2) values (20,9,10,1,5,2,3);
Insert into USERBB.BB_BASKETITEM (IDBASKETITEM,IDPRODUCT,PRICE,QUANTITY,IDBASKET,OPTION1,OPTION2) values (21,10,10,1,5,2,3);
Insert into USERBB.BB_BASKETITEM (IDBASKETITEM,IDPRODUCT,PRICE,QUANTITY,IDBASKET,OPTION1,OPTION2) values (22,10,10,2,6,2,4);
Insert into USERBB.BB_BASKETITEM (IDBASKETITEM,IDPRODUCT,PRICE,QUANTITY,IDBASKET,OPTION1,OPTION2) values (23,2,129.99,1,6,null,null);
Insert into USERBB.BB_BASKETITEM (IDBASKETITEM,IDPRODUCT,PRICE,QUANTITY,IDBASKET,OPTION1,OPTION2) values (24,7,10.8,1,7,2,3);
Insert into USERBB.BB_BASKETITEM (IDBASKETITEM,IDPRODUCT,PRICE,QUANTITY,IDBASKET,OPTION1,OPTION2) values (25,8,10.8,1,7,2,3);
Insert into USERBB.BB_BASKETITEM (IDBASKETITEM,IDPRODUCT,PRICE,QUANTITY,IDBASKET,OPTION1,OPTION2) values (26,7,10.8,1,8,2,3);
Insert into USERBB.BB_BASKETITEM (IDBASKETITEM,IDPRODUCT,PRICE,QUANTITY,IDBASKET,OPTION1,OPTION2) values (27,8,10.8,1,8,2,3);
Insert into USERBB.BB_BASKETITEM (IDBASKETITEM,IDPRODUCT,PRICE,QUANTITY,IDBASKET,OPTION1,OPTION2) values (28,7,10.8,1,9,2,3);
Insert into USERBB.BB_BASKETITEM (IDBASKETITEM,IDPRODUCT,PRICE,QUANTITY,IDBASKET,OPTION1,OPTION2) values (29,8,10.8,1,9,2,3);
Insert into USERBB.BB_BASKETITEM (IDBASKETITEM,IDPRODUCT,PRICE,QUANTITY,IDBASKET,OPTION1,OPTION2) values (30,6,5,1,10,1,3);
Insert into USERBB.BB_BASKETITEM (IDBASKETITEM,IDPRODUCT,PRICE,QUANTITY,IDBASKET,OPTION1,OPTION2) values (31,8,5.4,1,10,1,3);
Insert into USERBB.BB_BASKETITEM (IDBASKETITEM,IDPRODUCT,PRICE,QUANTITY,IDBASKET,OPTION1,OPTION2) values (32,4,28.5,1,10,null,null);
Insert into USERBB.BB_BASKETITEM (IDBASKETITEM,IDPRODUCT,PRICE,QUANTITY,IDBASKET,OPTION1,OPTION2) values (33,9,10,1,11,2,3);
Insert into USERBB.BB_BASKETITEM (IDBASKETITEM,IDPRODUCT,PRICE,QUANTITY,IDBASKET,OPTION1,OPTION2) values (34,8,10.8,2,12,2,3);
Insert into USERBB.BB_BASKETITEM (IDBASKETITEM,IDPRODUCT,PRICE,QUANTITY,IDBASKET,OPTION1,OPTION2) values (35,9,10,2,12,2,3);
Insert into USERBB.BB_BASKETITEM (IDBASKETITEM,IDPRODUCT,PRICE,QUANTITY,IDBASKET,OPTION1,OPTION2) values (36,6,10,2,12,2,3);
Insert into USERBB.BB_BASKETITEM (IDBASKETITEM,IDPRODUCT,PRICE,QUANTITY,IDBASKET,OPTION1,OPTION2) values (37,7,10.8,1,12,2,3);
Insert into USERBB.BB_BASKETITEM (IDBASKETITEM,IDPRODUCT,PRICE,QUANTITY,IDBASKET,OPTION1,OPTION2) values (38,9,10,2,13,2,3);
Insert into USERBB.BB_BASKETITEM (IDBASKETITEM,IDPRODUCT,PRICE,QUANTITY,IDBASKET,OPTION1,OPTION2) values (40,8,10.8,1,15,2,3);
Insert into USERBB.BB_BASKETITEM (IDBASKETITEM,IDPRODUCT,PRICE,QUANTITY,IDBASKET,OPTION1,OPTION2) values (41,7,5.4,1,15,1,3);
Insert into USERBB.BB_BASKETITEM (IDBASKETITEM,IDPRODUCT,PRICE,QUANTITY,IDBASKET,OPTION1,OPTION2) values (42,8,10.8,1,16,2,3);
Insert into USERBB.BB_BASKETITEM (IDBASKETITEM,IDPRODUCT,PRICE,QUANTITY,IDBASKET,OPTION1,OPTION2) values (43,7,5.4,1,16,1,3);
REM INSERTING into USERBB.BB_BASKETSTATUS
SET DEFINE OFF;
Insert into USERBB.BB_BASKETSTATUS (IDSTATUS,IDBASKET,IDSTAGE,DTSTAGE,NOTES,SHIPPER,SHIPPINGNUM) values (1,3,1,to_date('24-JAN-12','DD-MON-RR'),null,null,null);
Insert into USERBB.BB_BASKETSTATUS (IDSTATUS,IDBASKET,IDSTAGE,DTSTAGE,NOTES,SHIPPER,SHIPPINGNUM) values (2,3,5,to_date('25-JAN-12','DD-MON-RR'),'Customer called to confirm shipment','UPS','ZW845584GD89H569');
Insert into USERBB.BB_BASKETSTATUS (IDSTATUS,IDBASKET,IDSTAGE,DTSTAGE,NOTES,SHIPPER,SHIPPINGNUM) values (3,4,1,to_date('13-FEB-12','DD-MON-RR'),null,null,null);
Insert into USERBB.BB_BASKETSTATUS (IDSTATUS,IDBASKET,IDSTAGE,DTSTAGE,NOTES,SHIPPER,SHIPPINGNUM) values (4,4,5,to_date('14-FEB-12','DD-MON-RR'),null,null,null);
Insert into USERBB.BB_BASKETSTATUS (IDSTATUS,IDBASKET,IDSTAGE,DTSTAGE,NOTES,SHIPPER,SHIPPINGNUM) values (15,12,3,null,null,null,null);
REM INSERTING into USERBB.BB_BLOCKTEST
SET DEFINE OFF;
REM INSERTING into USERBB.BB_DEPARTMENT
SET DEFINE OFF;
Insert into USERBB.BB_DEPARTMENT (IDDEPARTMENT,DEPTNAME,DEPTDESC,DEPTIMAGE) values (1,'Coffee','Many types of coffee beans','coffee.gif');
Insert into USERBB.BB_DEPARTMENT (IDDEPARTMENT,DEPTNAME,DEPTDESC,DEPTIMAGE) values (2,'Equipment and Supplies','Coffee makers to coffee filters available','machines.gif');
Insert into USERBB.BB_DEPARTMENT (IDDEPARTMENT,DEPTNAME,DEPTDESC,DEPTIMAGE) values (3,'Coffee Club','Benefits of our club membership?','club.gif');
REM INSERTING into USERBB.BB_PRODUCT
SET DEFINE OFF;
Insert into USERBB.BB_PRODUCT (IDPRODUCT,PRODUCTNAME,DESCRIPTION,PRODUCTIMAGE,PRICE,SALESTART,SALEEND,SALEPRICE,ACTIVE,FEATURED,FEATURESTART,FEATUREEND,TYPE,IDDEPARTMENT,STOCK,ORDERED,REORDER) values (1,'CapressoBar Model #351','A fully programmable pump espresso machine and 10-cup coffee maker complete with GoldTone filter','capresso.gif',99.99,null,null,null,1,null,null,null,'E',2,23,0,12);
Insert into USERBB.BB_PRODUCT (IDPRODUCT,PRODUCTNAME,DESCRIPTION,PRODUCTIMAGE,PRICE,SALESTART,SALEEND,SALEPRICE,ACTIVE,FEATURED,FEATURESTART,FEATUREEND,TYPE,IDDEPARTMENT,STOCK,ORDERED,REORDER) values (2,'Capresso Ultima','Coffee and Espresso and Cappuccino Machine. Brews from one espresso to two six ounce cups of coffee','capresso2.gif',129.99,null,null,null,1,null,null,null,'E',2,15,0,9);
Insert into USERBB.BB_PRODUCT (IDPRODUCT,PRODUCTNAME,DESCRIPTION,PRODUCTIMAGE,PRICE,SALESTART,SALEEND,SALEPRICE,ACTIVE,FEATURED,FEATURESTART,FEATUREEND,TYPE,IDDEPARTMENT,STOCK,ORDERED,REORDER) values (3,'Eileen 4-cup French Press','A unique coffeemaker from those proud craftsmen in windy Normandy.','frepress.gif',32.5,null,null,null,1,null,null,null,'E',2,30,0,15);
Insert into USERBB.BB_PRODUCT (IDPRODUCT,PRODUCTNAME,DESCRIPTION,PRODUCTIMAGE,PRICE,SALESTART,SALEEND,SALEPRICE,ACTIVE,FEATURED,FEATURESTART,FEATUREEND,TYPE,IDDEPARTMENT,STOCK,ORDERED,REORDER) values (4,'Coffee Grinder','Avoid blade grinders! This mill grinder allows you to choose a fine grind to a coarse grind.','grind.gif',28.5,null,null,null,1,null,null,null,'E',2,26,0,25);
Insert into USERBB.BB_PRODUCT (IDPRODUCT,PRODUCTNAME,DESCRIPTION,PRODUCTIMAGE,PRICE,SALESTART,SALEEND,SALEPRICE,ACTIVE,FEATURED,FEATURESTART,FEATUREEND,TYPE,IDDEPARTMENT,STOCK,ORDERED,REORDER) values (5,'Sumatra','Spicy and intense with herbal aroma. ','sumatra.jpg',10.5,null,null,null,1,null,null,null,'C',1,41,0,45);
Insert into USERBB.BB_PRODUCT (IDPRODUCT,PRODUCTNAME,DESCRIPTION,PRODUCTIMAGE,PRICE,SALESTART,SALEEND,SALEPRICE,ACTIVE,FEATURED,FEATURESTART,FEATUREEND,TYPE,IDDEPARTMENT,STOCK,ORDERED,REORDER) values (6,'Guatamala','heavy body, spicy twist, aromatic and smokey flavor.','Guatamala.jpg',10,to_date('01-JUN-12','DD-MON-RR'),to_date('15-JUN-12','DD-MON-RR'),8,1,null,null,null,'C',1,42,0,35);
Insert into USERBB.BB_PRODUCT (IDPRODUCT,PRODUCTNAME,DESCRIPTION,PRODUCTIMAGE,PRICE,SALESTART,SALEEND,SALEPRICE,ACTIVE,FEATURED,FEATURESTART,FEATUREEND,TYPE,IDDEPARTMENT,STOCK,ORDERED,REORDER) values (7,'Columbia','dry, nutty flavor and smoothness','columbia.jpg',10.8,null,null,null,1,null,null,null,'C',1,61,0,35);
Insert into USERBB.BB_PRODUCT (IDPRODUCT,PRODUCTNAME,DESCRIPTION,PRODUCTIMAGE,PRICE,SALESTART,SALEEND,SALEPRICE,ACTIVE,FEATURED,FEATURESTART,FEATUREEND,TYPE,IDDEPARTMENT,STOCK,ORDERED,REORDER) values (8,'Brazil','well-balanced mellow flavor, a medium body with hints of cocoa and a mild, nut-like aftertaste','brazil.jpg',10.8,null,null,null,1,null,null,null,'C',1,53,0,35);
Insert into USERBB.BB_PRODUCT (IDPRODUCT,PRODUCTNAME,DESCRIPTION,PRODUCTIMAGE,PRICE,SALESTART,SALEEND,SALEPRICE,ACTIVE,FEATURED,FEATURESTART,FEATUREEND,TYPE,IDDEPARTMENT,STOCK,ORDERED,REORDER) values (9,'Ethiopia','distinctive berry-like flavor and aroma, reminds many of a fruity, memorable wine. ','ethiopia.jpg',10,null,null,null,1,null,null,null,'C',1,54,0,35);
Insert into USERBB.BB_PRODUCT (IDPRODUCT,PRODUCTNAME,DESCRIPTION,PRODUCTIMAGE,PRICE,SALESTART,SALEEND,SALEPRICE,ACTIVE,FEATURED,FEATURESTART,FEATUREEND,TYPE,IDDEPARTMENT,STOCK,ORDERED,REORDER) values (10,'Espresso','dense, caramel-like sweetness with a soft acidity. Roasted somewhat darker than traditional Italian.','espresso.jpg',10,null,null,null,1,null,null,null,'C',1,50,50,50);
REM INSERTING into USERBB.BB_PRODUCTOPTION
SET DEFINE OFF;
Insert into USERBB.BB_PRODUCTOPTION (IDPRODUCTOPTION,IDOPTION,IDPRODUCT) values (1,1,5);
Insert into USERBB.BB_PRODUCTOPTION (IDPRODUCTOPTION,IDOPTION,IDPRODUCT) values (2,2,5);
Insert into USERBB.BB_PRODUCTOPTION (IDPRODUCTOPTION,IDOPTION,IDPRODUCT) values (3,3,5);
Insert into USERBB.BB_PRODUCTOPTION (IDPRODUCTOPTION,IDOPTION,IDPRODUCT) values (4,4,5);
Insert into USERBB.BB_PRODUCTOPTION (IDPRODUCTOPTION,IDOPTION,IDPRODUCT) values (5,1,6);
Insert into USERBB.BB_PRODUCTOPTION (IDPRODUCTOPTION,IDOPTION,IDPRODUCT) values (6,2,6);
Insert into USERBB.BB_PRODUCTOPTION (IDPRODUCTOPTION,IDOPTION,IDPRODUCT) values (7,3,6);
Insert into USERBB.BB_PRODUCTOPTION (IDPRODUCTOPTION,IDOPTION,IDPRODUCT) values (8,4,6);
Insert into USERBB.BB_PRODUCTOPTION (IDPRODUCTOPTION,IDOPTION,IDPRODUCT) values (9,1,7);
Insert into USERBB.BB_PRODUCTOPTION (IDPRODUCTOPTION,IDOPTION,IDPRODUCT) values (10,2,7);
Insert into USERBB.BB_PRODUCTOPTION (IDPRODUCTOPTION,IDOPTION,IDPRODUCT) values (11,3,7);
Insert into USERBB.BB_PRODUCTOPTION (IDPRODUCTOPTION,IDOPTION,IDPRODUCT) values (12,4,7);
Insert into USERBB.BB_PRODUCTOPTION (IDPRODUCTOPTION,IDOPTION,IDPRODUCT) values (13,1,8);
Insert into USERBB.BB_PRODUCTOPTION (IDPRODUCTOPTION,IDOPTION,IDPRODUCT) values (14,2,8);
Insert into USERBB.BB_PRODUCTOPTION (IDPRODUCTOPTION,IDOPTION,IDPRODUCT) values (15,3,8);
Insert into USERBB.BB_PRODUCTOPTION (IDPRODUCTOPTION,IDOPTION,IDPRODUCT) values (16,4,8);
Insert into USERBB.BB_PRODUCTOPTION (IDPRODUCTOPTION,IDOPTION,IDPRODUCT) values (17,1,9);
Insert into USERBB.BB_PRODUCTOPTION (IDPRODUCTOPTION,IDOPTION,IDPRODUCT) values (18,2,9);
Insert into USERBB.BB_PRODUCTOPTION (IDPRODUCTOPTION,IDOPTION,IDPRODUCT) values (19,3,9);
Insert into USERBB.BB_PRODUCTOPTION (IDPRODUCTOPTION,IDOPTION,IDPRODUCT) values (20,4,9);
Insert into USERBB.BB_PRODUCTOPTION (IDPRODUCTOPTION,IDOPTION,IDPRODUCT) values (21,1,10);
Insert into USERBB.BB_PRODUCTOPTION (IDPRODUCTOPTION,IDOPTION,IDPRODUCT) values (22,2,10);
Insert into USERBB.BB_PRODUCTOPTION (IDPRODUCTOPTION,IDOPTION,IDPRODUCT) values (23,3,10);
Insert into USERBB.BB_PRODUCTOPTION (IDPRODUCTOPTION,IDOPTION,IDPRODUCT) values (24,4,10);
REM INSERTING into USERBB.BB_PRODUCTOPTIONCATEGORY
SET DEFINE OFF;
Insert into USERBB.BB_PRODUCTOPTIONCATEGORY (IDOPTIONCATEGORY,CATEGORYNAME) values (1,'Size');
Insert into USERBB.BB_PRODUCTOPTIONCATEGORY (IDOPTIONCATEGORY,CATEGORYNAME) values (2,'Form');
REM INSERTING into USERBB.BB_PRODUCTOPTIONDETAIL
SET DEFINE OFF;
Insert into USERBB.BB_PRODUCTOPTIONDETAIL (IDOPTION,OPTIONNAME,IDOPTIONCATEGORY) values (1,'1/2 LB.',1);
Insert into USERBB.BB_PRODUCTOPTIONDETAIL (IDOPTION,OPTIONNAME,IDOPTIONCATEGORY) values (2,'1 LB.',1);
Insert into USERBB.BB_PRODUCTOPTIONDETAIL (IDOPTION,OPTIONNAME,IDOPTIONCATEGORY) values (3,'Whole Bean',2);
Insert into USERBB.BB_PRODUCTOPTIONDETAIL (IDOPTION,OPTIONNAME,IDOPTIONCATEGORY) values (4,'Regular Grind',2);
REM INSERTING into USERBB.BB_PRODUCT_REQUEST
SET DEFINE OFF;
REM INSERTING into USERBB.BB_PROD_SALES
SET DEFINE OFF;
REM INSERTING into USERBB.BB_PROMO
SET DEFINE OFF;
Insert into USERBB.BB_PROMO (IDPROMO,AMOUNT) values ('B',0.05);
REM INSERTING into USERBB.BB_PROMOLIST
SET DEFINE OFF;
Insert into USERBB.BB_PROMOLIST (IDSHOPPER,MONTH,YEAR,PROMO_FLAG,USED) values (22,'FEB','2012','B ',null);
Insert into USERBB.BB_PROMOLIST (IDSHOPPER,MONTH,YEAR,PROMO_FLAG,USED) values (21,'FEB','2012','B ',null);
Insert into USERBB.BB_PROMOLIST (IDSHOPPER,MONTH,YEAR,PROMO_FLAG,USED) values (24,'FEB','2012','B ',null);
REM INSERTING into USERBB.BB_SHIPPING
SET DEFINE OFF;
Insert into USERBB.BB_SHIPPING (IDRANGE,LOW,HIGH,FEE) values (1,1,5,5);
Insert into USERBB.BB_SHIPPING (IDRANGE,LOW,HIGH,FEE) values (2,6,10,8);
Insert into USERBB.BB_SHIPPING (IDRANGE,LOW,HIGH,FEE) values (3,11,99,11);
REM INSERTING into USERBB.BB_SHOPPER
SET DEFINE OFF;
Insert into USERBB.BB_SHOPPER (IDSHOPPER,FIRSTNAME,LASTNAME,ADDRESS,CITY,STATE,ZIPCODE,PHONE,FAX,EMAIL,USERNAME,PASSWORD,COOKIE,DTENTERED,PROVINCE,COUNTRY,PROMO) values (21,'John','Carter','21 Front St.','Raleigh','NC','54822','9014317701',null,'Crackjack@aol.com','Crackj','flyby',1,to_date('13-JAN-12','DD-MON-RR'),null,'USA',null);
Insert into USERBB.BB_SHOPPER (IDSHOPPER,FIRSTNAME,LASTNAME,ADDRESS,CITY,STATE,ZIPCODE,PHONE,FAX,EMAIL,USERNAME,PASSWORD,COOKIE,DTENTERED,PROVINCE,COUNTRY,PROMO) values (22,'Margaret','Somner','287 Walnut Drive','Cheasapeake','VA','23321','7574216559',null,'MargS@infi.net','MaryS','pupper',1,to_date('03-FEB-12','DD-MON-RR'),null,'USA',null);
Insert into USERBB.BB_SHOPPER (IDSHOPPER,FIRSTNAME,LASTNAME,ADDRESS,CITY,STATE,ZIPCODE,PHONE,FAX,EMAIL,USERNAME,PASSWORD,COOKIE,DTENTERED,PROVINCE,COUNTRY,PROMO) values (23,'Kenny','Ratman','1 Fun Lane','South Park','NC','54674','9015680902',null,'ratboy@msn.net','rat55','kile',0,to_date('26-JAN-12','DD-MON-RR'),null,'USA',null);
Insert into USERBB.BB_SHOPPER (IDSHOPPER,FIRSTNAME,LASTNAME,ADDRESS,CITY,STATE,ZIPCODE,PHONE,FAX,EMAIL,USERNAME,PASSWORD,COOKIE,DTENTERED,PROVINCE,COUNTRY,PROMO) values (24,'Camryn','Sonnie','40162 Talamore','South Riding','VA','20152','7035556868',null,'kids2@xis.net','kids2','steel',1,to_date('19-MAR-12','DD-MON-RR'),null,'USA',null);
Insert into USERBB.BB_SHOPPER (IDSHOPPER,FIRSTNAME,LASTNAME,ADDRESS,CITY,STATE,ZIPCODE,PHONE,FAX,EMAIL,USERNAME,PASSWORD,COOKIE,DTENTERED,PROVINCE,COUNTRY,PROMO) values (25,'Scott','Savid','11 Pine Grove','Hickory','VA','22954','7578221010',null,'scott1@odu.edu','fdwell','tweak',1,to_date('19-FEB-12','DD-MON-RR'),null,'USA',null);
Insert into USERBB.BB_SHOPPER (IDSHOPPER,FIRSTNAME,LASTNAME,ADDRESS,CITY,STATE,ZIPCODE,PHONE,FAX,EMAIL,USERNAME,PASSWORD,COOKIE,DTENTERED,PROVINCE,COUNTRY,PROMO) values (26,'Monica','Cast','112 W. 4th','Greensburg','VA','27754','7573217384',null,'gma@earth.net','gma1','goofy',1,to_date('09-FEB-12','DD-MON-RR'),null,'USA',null);
Insert into USERBB.BB_SHOPPER (IDSHOPPER,FIRSTNAME,LASTNAME,ADDRESS,CITY,STATE,ZIPCODE,PHONE,FAX,EMAIL,USERNAME,PASSWORD,COOKIE,DTENTERED,PROVINCE,COUNTRY,PROMO) values (27,'Pete','Parker','1 Queens','New York','NY','67233','1013217384',null,'spider@web.net',null,null,0,to_date('14-FEB-12','DD-MON-RR'),null,'USA',null);
REM INSERTING into USERBB.BB_SHOP_SALES
SET DEFINE OFF;
REM INSERTING into USERBB.BB_TAX
SET DEFINE OFF;
Insert into USERBB.BB_TAX (IDSTATE,STATE,TAXRATE) values (1,'VA',0.045);
Insert into USERBB.BB_TAX (IDSTATE,STATE,TAXRATE) values (2,'NC',0.03);
Insert into USERBB.BB_TAX (IDSTATE,STATE,TAXRATE) values (3,'SC',0.06);
REM INSERTING into USERBB.BB_TEST1
SET DEFINE OFF;
Insert into USERBB.BB_TEST1 (COL1) values (1);
Insert into USERBB.BB_TEST1 (COL1) values (2);
REM INSERTING into USERBB.BB_TEST2
SET DEFINE OFF;
REM INSERTING into USERBB.BB_TRANS_LOG
SET DEFINE OFF;
--------------------------------------------------------
--  DDL for Index SHIP_IDRANGE_PK
--------------------------------------------------------

  CREATE UNIQUE INDEX "USERBB"."SHIP_IDRANGE_PK" ON "USERBB"."BB_SHIPPING" ("IDRANGE") 
  PCTFREE 10 INITRANS 2 MAXTRANS 255 
  STORAGE(INITIAL 65536 NEXT 1048576 MINEXTENTS 1 MAXEXTENTS 2147483645
  PCTINCREASE 0 FREELISTS 1 FREELIST GROUPS 1 BUFFER_POOL DEFAULT FLASH_CACHE DEFAULT CELL_FLASH_CACHE DEFAULT)
  TABLESPACE "USERS" ;
--------------------------------------------------------
--  DDL for Index PRODOPTCAT_ID_PK
--------------------------------------------------------

  CREATE UNIQUE INDEX "USERBB"."PRODOPTCAT_ID_PK" ON "USERBB"."BB_PRODUCTOPTIONCATEGORY" ("IDOPTIONCATEGORY") 
  PCTFREE 10 INITRANS 2 MAXTRANS 255 
  STORAGE(INITIAL 65536 NEXT 1048576 MINEXTENTS 1 MAXEXTENTS 2147483645
  PCTINCREASE 0 FREELISTS 1 FREELIST GROUPS 1 BUFFER_POOL DEFAULT FLASH_CACHE DEFAULT CELL_FLASH_CACHE DEFAULT)
  TABLESPACE "USERS" ;
--------------------------------------------------------
--  DDL for Index TAX_IDSTATE_PK
--------------------------------------------------------

  CREATE UNIQUE INDEX "USERBB"."TAX_IDSTATE_PK" ON "USERBB"."BB_TAX" ("IDSTATE") 
  PCTFREE 10 INITRANS 2 MAXTRANS 255 
  STORAGE(INITIAL 65536 NEXT 1048576 MINEXTENTS 1 MAXEXTENTS 2147483645
  PCTINCREASE 0 FREELISTS 1 FREELIST GROUPS 1 BUFFER_POOL DEFAULT FLASH_CACHE DEFAULT CELL_FLASH_CACHE DEFAULT)
  TABLESPACE "USERS" ;
--------------------------------------------------------
--  DDL for Index SHOPPER_ID_PK
--------------------------------------------------------

  CREATE UNIQUE INDEX "USERBB"."SHOPPER_ID_PK" ON "USERBB"."BB_SHOPPER" ("IDSHOPPER") 
  PCTFREE 10 INITRANS 2 MAXTRANS 255 
  STORAGE(INITIAL 65536 NEXT 1048576 MINEXTENTS 1 MAXEXTENTS 2147483645
  PCTINCREASE 0 FREELISTS 1 FREELIST GROUPS 1 BUFFER_POOL DEFAULT FLASH_CACHE DEFAULT CELL_FLASH_CACHE DEFAULT)
  TABLESPACE "USERS" ;
--------------------------------------------------------
--  DDL for Index PROMO_UK
--------------------------------------------------------

  CREATE UNIQUE INDEX "USERBB"."PROMO_UK" ON "USERBB"."BB_PROMOLIST" ("IDSHOPPER", "MONTH", "YEAR") 
  PCTFREE 10 INITRANS 2 MAXTRANS 255 
  STORAGE(INITIAL 65536 NEXT 1048576 MINEXTENTS 1 MAXEXTENTS 2147483645
  PCTINCREASE 0 FREELISTS 1 FREELIST GROUPS 1 BUFFER_POOL DEFAULT FLASH_CACHE DEFAULT CELL_FLASH_CACHE DEFAULT)
  TABLESPACE "USERS" ;
--------------------------------------------------------
--  DDL for Index PRODREQ_ID_PK
--------------------------------------------------------

  CREATE UNIQUE INDEX "USERBB"."PRODREQ_ID_PK" ON "USERBB"."BB_PRODUCT_REQUEST" ("IDREQUEST") 
  PCTFREE 10 INITRANS 2 MAXTRANS 255 NOCOMPRESS LOGGING
  TABLESPACE "USERS" ;
--------------------------------------------------------
--  DDL for Index DEPT_ID_PK
--------------------------------------------------------

  CREATE UNIQUE INDEX "USERBB"."DEPT_ID_PK" ON "USERBB"."BB_DEPARTMENT" ("IDDEPARTMENT") 
  PCTFREE 10 INITRANS 2 MAXTRANS 255 
  STORAGE(INITIAL 65536 NEXT 1048576 MINEXTENTS 1 MAXEXTENTS 2147483645
  PCTINCREASE 0 FREELISTS 1 FREELIST GROUPS 1 BUFFER_POOL DEFAULT FLASH_CACHE DEFAULT CELL_FLASH_CACHE DEFAULT)
  TABLESPACE "USERS" ;
--------------------------------------------------------
--  DDL for Index PROD_ID_PK
--------------------------------------------------------

  CREATE UNIQUE INDEX "USERBB"."PROD_ID_PK" ON "USERBB"."BB_PRODUCT" ("IDPRODUCT") 
  PCTFREE 10 INITRANS 2 MAXTRANS 255 
  STORAGE(INITIAL 65536 NEXT 1048576 MINEXTENTS 1 MAXEXTENTS 2147483645
  PCTINCREASE 0 FREELISTS 1 FREELIST GROUPS 1 BUFFER_POOL DEFAULT FLASH_CACHE DEFAULT CELL_FLASH_CACHE DEFAULT)
  TABLESPACE "USERS" ;
--------------------------------------------------------
--  DDL for Index PRODATTR_ID_PK
--------------------------------------------------------

  CREATE UNIQUE INDEX "USERBB"."PRODATTR_ID_PK" ON "USERBB"."BB_PRODUCTOPTION" ("IDPRODUCTOPTION") 
  PCTFREE 10 INITRANS 2 MAXTRANS 255 
  STORAGE(INITIAL 65536 NEXT 1048576 MINEXTENTS 1 MAXEXTENTS 2147483645
  PCTINCREASE 0 FREELISTS 1 FREELIST GROUPS 1 BUFFER_POOL DEFAULT FLASH_CACHE DEFAULT CELL_FLASH_CACHE DEFAULT)
  TABLESPACE "USERS" ;
--------------------------------------------------------
--  DDL for Index BSKTITEM_ID_PK
--------------------------------------------------------

  CREATE UNIQUE INDEX "USERBB"."BSKTITEM_ID_PK" ON "USERBB"."BB_BASKETITEM" ("IDBASKETITEM") 
  PCTFREE 10 INITRANS 2 MAXTRANS 255 
  STORAGE(INITIAL 65536 NEXT 1048576 MINEXTENTS 1 MAXEXTENTS 2147483645
  PCTINCREASE 0 FREELISTS 1 FREELIST GROUPS 1 BUFFER_POOL DEFAULT FLASH_CACHE DEFAULT CELL_FLASH_CACHE DEFAULT)
  TABLESPACE "USERS" ;
--------------------------------------------------------
--  DDL for Index PRODOPTDET_ID_PK
--------------------------------------------------------

  CREATE UNIQUE INDEX "USERBB"."PRODOPTDET_ID_PK" ON "USERBB"."BB_PRODUCTOPTIONDETAIL" ("IDOPTION") 
  PCTFREE 10 INITRANS 2 MAXTRANS 255 
  STORAGE(INITIAL 65536 NEXT 1048576 MINEXTENTS 1 MAXEXTENTS 2147483645
  PCTINCREASE 0 FREELISTS 1 FREELIST GROUPS 1 BUFFER_POOL DEFAULT FLASH_CACHE DEFAULT CELL_FLASH_CACHE DEFAULT)
  TABLESPACE "USERS" ;
--------------------------------------------------------
--  DDL for Index BSKT_ID_PK
--------------------------------------------------------

  CREATE UNIQUE INDEX "USERBB"."BSKT_ID_PK" ON "USERBB"."BB_BASKET" ("IDBASKET") 
  PCTFREE 10 INITRANS 2 MAXTRANS 255 
  STORAGE(INITIAL 65536 NEXT 1048576 MINEXTENTS 1 MAXEXTENTS 2147483645
  PCTINCREASE 0 FREELISTS 1 FREELIST GROUPS 1 BUFFER_POOL DEFAULT FLASH_CACHE DEFAULT CELL_FLASH_CACHE DEFAULT)
  TABLESPACE "USERS" ;
--------------------------------------------------------
--  DDL for Index BASKETSTATUS_PK
--------------------------------------------------------

  CREATE UNIQUE INDEX "USERBB"."BASKETSTATUS_PK" ON "USERBB"."BB_BASKETSTATUS" ("IDSTATUS") 
  PCTFREE 10 INITRANS 2 MAXTRANS 255 
  STORAGE(INITIAL 65536 NEXT 1048576 MINEXTENTS 1 MAXEXTENTS 2147483645
  PCTINCREASE 0 FREELISTS 1 FREELIST GROUPS 1 BUFFER_POOL DEFAULT FLASH_CACHE DEFAULT CELL_FLASH_CACHE DEFAULT)
  TABLESPACE "USERS" ;
--------------------------------------------------------
--  DDL for Procedure ORDER_TOTAL_SP
--------------------------------------------------------
set define off;

  CREATE OR REPLACE PROCEDURE "USERBB"."ORDER_TOTAL_SP" 
    (p_bsktid in BB_BASKETITEM.IDBASKET%type,
     p_cnt out number,
     p_sub out number,
     p_ship out number,
     p_total out number)
is
begin
    dbms_output.put_line('order total proc called');
    select sum(quantity), sum(quantity*price)
        into p_cnt, p_sub
        from BB_BASKETITEM
        where IDBASKET = p_bsktid;
    ship_cost_sp(p_cnt,p_ship);
    p_total := NVL(p_sub,0) + NVL(p_ship,0);
    dbms_output.put_line('order total proc ended');
end ORDER_TOTAL_SP;

/
--------------------------------------------------------
--  DDL for Procedure PHONE_FMT_SP
--------------------------------------------------------
set define off;

  CREATE OR REPLACE PROCEDURE "USERBB"."PHONE_FMT_SP" 
   (p_phone IN OUT VARCHAR2)
IS
BEGIN
  p_phone := '(' || SUBSTR(p_phone,1,3) || ')' ||
                    SUBSTR(p_phone,4,3) || '-' ||
                    SUBSTR(p_phone,7,4);
END;

/
--------------------------------------------------------
--  DDL for Procedure PROMO_TEST_SP
--------------------------------------------------------
set define off;

  CREATE OR REPLACE PROCEDURE "USERBB"."PROMO_TEST_SP" 
  (p_mth IN CHAR,
   p_year IN CHAR)
 IS
 CURSOR cur_purch IS
   SELECT idshopper, SUM(Subtotal) sub
   FROM bb_basket
   WHERE TO_CHAR(dtCreated,'MON') = p_mth
       AND TO_CHAR(dtCreated,'YYYY') = p_year
       AND orderplaced = 1
   GROUP BY idshopper;
 promo_flag CHAR(1);
BEGIN
 FOR rec_purch IN cur_purch LOOP
 	If rec_purch.sub > 50 THEN
 		   promo_flag := 'A';
 	ELSIF rec_purch.sub > 25 THEN
 		   promo_flag := 'B';
 	END IF;
        dbms_output.put_line(rec_purch.idshopper||' has sub '||
                             rec_purch.sub||' and flag '||promo_flag);
 	IF promo_flag IS NOT NULL THEN
        dbms_output.put_line('Insert processed for shopper '||
                             rec_purch.idshopper);
 	  INSERT INTO bb_promolist
 	    VALUES (rec_purch.idshopper, p_mth, p_year, promo_flag, NULL);
 	END IF;
 	promo_flag := null;
 END LOOP;
 COMMIT;
END;

/
--------------------------------------------------------
--  DDL for Procedure SHIP_COST_SP
--------------------------------------------------------
set define off;

  CREATE OR REPLACE PROCEDURE "USERBB"."SHIP_COST_SP" 
    (p_qty in number,
     p_ship out number)
AS 
BEGIN
    dbms_output.put_line('ship cost proc called');
    if p_qty > 10 then
        p_ship := 11.00;
    elsif p_qty > 5 then
        p_ship := 8.00;
    else
        p_ship := 5.00;
    end if;
    dbms_output.put_line('ship cost proc ended');
END SHIP_COST_SP;

/
--------------------------------------------------------
--  DDL for Procedure TC_TEST_SP1
--------------------------------------------------------
set define off;

  CREATE OR REPLACE PROCEDURE "USERBB"."TC_TEST_SP1" 
IS
BEGIN
	INSERT INTO bb_test1
	 VALUES (1);
	tc_test_sp2();
END;

/
--------------------------------------------------------
--  DDL for Procedure TC_TEST_SP2
--------------------------------------------------------
set define off;

  CREATE OR REPLACE PROCEDURE "USERBB"."TC_TEST_SP2" 
IS
    pragma autonomous_transaction;
BEGIN
	INSERT INTO bb_test1
	 VALUES (2);
     commit;
END;

/
--------------------------------------------------------
--  Constraints for Table BB_PRODUCTOPTION
--------------------------------------------------------

  ALTER TABLE "USERBB"."BB_PRODUCTOPTION" ADD CONSTRAINT "PRODATTR_ID_PK" PRIMARY KEY ("IDPRODUCTOPTION")
  USING INDEX PCTFREE 10 INITRANS 2 MAXTRANS 255 
  STORAGE(INITIAL 65536 NEXT 1048576 MINEXTENTS 1 MAXEXTENTS 2147483645
  PCTINCREASE 0 FREELISTS 1 FREELIST GROUPS 1 BUFFER_POOL DEFAULT FLASH_CACHE DEFAULT CELL_FLASH_CACHE DEFAULT)
  TABLESPACE "USERS"  ENABLE;
--------------------------------------------------------
--  Constraints for Table BB_PRODUCT
--------------------------------------------------------

  ALTER TABLE "USERBB"."BB_PRODUCT" ADD CONSTRAINT "PROD_ID_PK" PRIMARY KEY ("IDPRODUCT")
  USING INDEX PCTFREE 10 INITRANS 2 MAXTRANS 255 
  STORAGE(INITIAL 65536 NEXT 1048576 MINEXTENTS 1 MAXEXTENTS 2147483645
  PCTINCREASE 0 FREELISTS 1 FREELIST GROUPS 1 BUFFER_POOL DEFAULT FLASH_CACHE DEFAULT CELL_FLASH_CACHE DEFAULT)
  TABLESPACE "USERS"  ENABLE;
--------------------------------------------------------
--  Constraints for Table BB_TAX
--------------------------------------------------------

  ALTER TABLE "USERBB"."BB_TAX" ADD CONSTRAINT "TAX_IDSTATE_PK" PRIMARY KEY ("IDSTATE")
  USING INDEX PCTFREE 10 INITRANS 2 MAXTRANS 255 
  STORAGE(INITIAL 65536 NEXT 1048576 MINEXTENTS 1 MAXEXTENTS 2147483645
  PCTINCREASE 0 FREELISTS 1 FREELIST GROUPS 1 BUFFER_POOL DEFAULT FLASH_CACHE DEFAULT CELL_FLASH_CACHE DEFAULT)
  TABLESPACE "USERS"  ENABLE;
--------------------------------------------------------
--  Constraints for Table BB_SHOPPER
--------------------------------------------------------

  ALTER TABLE "USERBB"."BB_SHOPPER" ADD CONSTRAINT "SHOPPER_ID_PK" PRIMARY KEY ("IDSHOPPER")
  USING INDEX PCTFREE 10 INITRANS 2 MAXTRANS 255 
  STORAGE(INITIAL 65536 NEXT 1048576 MINEXTENTS 1 MAXEXTENTS 2147483645
  PCTINCREASE 0 FREELISTS 1 FREELIST GROUPS 1 BUFFER_POOL DEFAULT FLASH_CACHE DEFAULT CELL_FLASH_CACHE DEFAULT)
  TABLESPACE "USERS"  ENABLE;
--------------------------------------------------------
--  Constraints for Table BB_PROMOLIST
--------------------------------------------------------

  ALTER TABLE "USERBB"."BB_PROMOLIST" ADD CONSTRAINT "PROMO_UK" UNIQUE ("IDSHOPPER", "MONTH", "YEAR")
  USING INDEX PCTFREE 10 INITRANS 2 MAXTRANS 255 
  STORAGE(INITIAL 65536 NEXT 1048576 MINEXTENTS 1 MAXEXTENTS 2147483645
  PCTINCREASE 0 FREELISTS 1 FREELIST GROUPS 1 BUFFER_POOL DEFAULT FLASH_CACHE DEFAULT CELL_FLASH_CACHE DEFAULT)
  TABLESPACE "USERS"  ENABLE;
--------------------------------------------------------
--  Constraints for Table BB_DEPARTMENT
--------------------------------------------------------

  ALTER TABLE "USERBB"."BB_DEPARTMENT" ADD CONSTRAINT "DEPT_ID_PK" PRIMARY KEY ("IDDEPARTMENT")
  USING INDEX PCTFREE 10 INITRANS 2 MAXTRANS 255 
  STORAGE(INITIAL 65536 NEXT 1048576 MINEXTENTS 1 MAXEXTENTS 2147483645
  PCTINCREASE 0 FREELISTS 1 FREELIST GROUPS 1 BUFFER_POOL DEFAULT FLASH_CACHE DEFAULT CELL_FLASH_CACHE DEFAULT)
  TABLESPACE "USERS"  ENABLE;
--------------------------------------------------------
--  Constraints for Table BB_BASKETITEM
--------------------------------------------------------

  ALTER TABLE "USERBB"."BB_BASKETITEM" ADD CONSTRAINT "BSKTITEM_ID_PK" PRIMARY KEY ("IDBASKETITEM")
  USING INDEX PCTFREE 10 INITRANS 2 MAXTRANS 255 
  STORAGE(INITIAL 65536 NEXT 1048576 MINEXTENTS 1 MAXEXTENTS 2147483645
  PCTINCREASE 0 FREELISTS 1 FREELIST GROUPS 1 BUFFER_POOL DEFAULT FLASH_CACHE DEFAULT CELL_FLASH_CACHE DEFAULT)
  TABLESPACE "USERS"  ENABLE;
--------------------------------------------------------
--  Constraints for Table BB_PRODUCTOPTIONDETAIL
--------------------------------------------------------

  ALTER TABLE "USERBB"."BB_PRODUCTOPTIONDETAIL" ADD CONSTRAINT "PRODOPTDET_ID_PK" PRIMARY KEY ("IDOPTION")
  USING INDEX PCTFREE 10 INITRANS 2 MAXTRANS 255 
  STORAGE(INITIAL 65536 NEXT 1048576 MINEXTENTS 1 MAXEXTENTS 2147483645
  PCTINCREASE 0 FREELISTS 1 FREELIST GROUPS 1 BUFFER_POOL DEFAULT FLASH_CACHE DEFAULT CELL_FLASH_CACHE DEFAULT)
  TABLESPACE "USERS"  ENABLE;
--------------------------------------------------------
--  Constraints for Table BB_BASKETSTATUS
--------------------------------------------------------

  ALTER TABLE "USERBB"."BB_BASKETSTATUS" ADD CONSTRAINT "BASKETSTATUS_PK" PRIMARY KEY ("IDSTATUS")
  USING INDEX PCTFREE 10 INITRANS 2 MAXTRANS 255 
  STORAGE(INITIAL 65536 NEXT 1048576 MINEXTENTS 1 MAXEXTENTS 2147483645
  PCTINCREASE 0 FREELISTS 1 FREELIST GROUPS 1 BUFFER_POOL DEFAULT FLASH_CACHE DEFAULT CELL_FLASH_CACHE DEFAULT)
  TABLESPACE "USERS"  ENABLE;
--------------------------------------------------------
--  Constraints for Table BB_SHIPPING
--------------------------------------------------------

  ALTER TABLE "USERBB"."BB_SHIPPING" ADD CONSTRAINT "SHIP_IDRANGE_PK" PRIMARY KEY ("IDRANGE")
  USING INDEX PCTFREE 10 INITRANS 2 MAXTRANS 255 
  STORAGE(INITIAL 65536 NEXT 1048576 MINEXTENTS 1 MAXEXTENTS 2147483645
  PCTINCREASE 0 FREELISTS 1 FREELIST GROUPS 1 BUFFER_POOL DEFAULT FLASH_CACHE DEFAULT CELL_FLASH_CACHE DEFAULT)
  TABLESPACE "USERS"  ENABLE;
--------------------------------------------------------
--  Constraints for Table BB_PRODUCTOPTIONCATEGORY
--------------------------------------------------------

  ALTER TABLE "USERBB"."BB_PRODUCTOPTIONCATEGORY" ADD CONSTRAINT "PRODOPTCAT_ID_PK" PRIMARY KEY ("IDOPTIONCATEGORY")
  USING INDEX PCTFREE 10 INITRANS 2 MAXTRANS 255 
  STORAGE(INITIAL 65536 NEXT 1048576 MINEXTENTS 1 MAXEXTENTS 2147483645
  PCTINCREASE 0 FREELISTS 1 FREELIST GROUPS 1 BUFFER_POOL DEFAULT FLASH_CACHE DEFAULT CELL_FLASH_CACHE DEFAULT)
  TABLESPACE "USERS"  ENABLE;
--------------------------------------------------------
--  Constraints for Table BB_BASKET
--------------------------------------------------------

  ALTER TABLE "USERBB"."BB_BASKET" ADD CONSTRAINT "BSKT_ID_PK" PRIMARY KEY ("IDBASKET")
  USING INDEX PCTFREE 10 INITRANS 2 MAXTRANS 255 
  STORAGE(INITIAL 65536 NEXT 1048576 MINEXTENTS 1 MAXEXTENTS 2147483645
  PCTINCREASE 0 FREELISTS 1 FREELIST GROUPS 1 BUFFER_POOL DEFAULT FLASH_CACHE DEFAULT CELL_FLASH_CACHE DEFAULT)
  TABLESPACE "USERS"  ENABLE;
--------------------------------------------------------
--  Constraints for Table BB_PRODUCT_REQUEST
--------------------------------------------------------

  ALTER TABLE "USERBB"."BB_PRODUCT_REQUEST" ADD CONSTRAINT "PRODREQ_ID_PK" PRIMARY KEY ("IDREQUEST")
  USING INDEX PCTFREE 10 INITRANS 2 MAXTRANS 255 NOCOMPRESS LOGGING
  TABLESPACE "USERS"  ENABLE;
--------------------------------------------------------
--  Ref Constraints for Table BB_BASKET
--------------------------------------------------------

  ALTER TABLE "USERBB"."BB_BASKET" ADD CONSTRAINT "BSKT_IDSHOPPER_FK" FOREIGN KEY ("IDSHOPPER")
	  REFERENCES "USERBB"."BB_SHOPPER" ("IDSHOPPER") ENABLE;
--------------------------------------------------------
--  Ref Constraints for Table BB_BASKETITEM
--------------------------------------------------------

  ALTER TABLE "USERBB"."BB_BASKETITEM" ADD CONSTRAINT "BSKTITEM_BSKTID_FK" FOREIGN KEY ("IDBASKET")
	  REFERENCES "USERBB"."BB_BASKET" ("IDBASKET") ENABLE;
 
  ALTER TABLE "USERBB"."BB_BASKETITEM" ADD CONSTRAINT "BSKTITEM_IDPROD_FK" FOREIGN KEY ("IDPRODUCT")
	  REFERENCES "USERBB"."BB_PRODUCT" ("IDPRODUCT") ENABLE;
--------------------------------------------------------
--  Ref Constraints for Table BB_BASKETSTATUS
--------------------------------------------------------

  ALTER TABLE "USERBB"."BB_BASKETSTATUS" ADD CONSTRAINT "BASKETSTATUS_IDBASKET_FK" FOREIGN KEY ("IDBASKET")
	  REFERENCES "USERBB"."BB_BASKET" ("IDBASKET") ENABLE;
--------------------------------------------------------
--  Ref Constraints for Table BB_PRODUCT
--------------------------------------------------------

  ALTER TABLE "USERBB"."BB_PRODUCT" ADD CONSTRAINT "PROD_IDDEPT_FK" FOREIGN KEY ("IDDEPARTMENT")
	  REFERENCES "USERBB"."BB_DEPARTMENT" ("IDDEPARTMENT") ENABLE;
--------------------------------------------------------
--  Ref Constraints for Table BB_PRODUCTOPTION
--------------------------------------------------------

  ALTER TABLE "USERBB"."BB_PRODUCTOPTION" ADD CONSTRAINT "PRODOPT_PRODID_FK" FOREIGN KEY ("IDPRODUCT")
	  REFERENCES "USERBB"."BB_PRODUCT" ("IDPRODUCT") ENABLE;
--------------------------------------------------------
--  Ref Constraints for Table BB_PRODUCTOPTIONDETAIL
--------------------------------------------------------

  ALTER TABLE "USERBB"."BB_PRODUCTOPTIONDETAIL" ADD CONSTRAINT "PRODOPTDET_IDOPTCAT_FK" FOREIGN KEY ("IDOPTIONCATEGORY")
	  REFERENCES "USERBB"."BB_PRODUCTOPTIONCATEGORY" ("IDOPTIONCATEGORY") ENABLE;
--------------------------------------------------------
--  Ref Constraints for Table BB_PRODUCT_REQUEST
--------------------------------------------------------

  ALTER TABLE "USERBB"."BB_PRODUCT_REQUEST" ADD CONSTRAINT "PRODREQ_IDPROD_FK" FOREIGN KEY ("IDPRODUCT")
	  REFERENCES "USERBB"."BB_PRODUCT" ("IDPRODUCT") ENABLE;
--------------------------------------------------------
--  Ref Constraints for Table BB_PROMOLIST
--------------------------------------------------------

  ALTER TABLE "USERBB"."BB_PROMOLIST" ADD CONSTRAINT "PROMO_IDSHOPPER_FK" FOREIGN KEY ("IDSHOPPER")
	  REFERENCES "USERBB"."BB_SHOPPER" ("IDSHOPPER") ENABLE;
