--------------------------------------------------------
--  File created - Monday-November-26-2018   
--------------------------------------------------------
--------------------------------------------------------
--  DDL for Sequence MM_RENTAL_SEQ
--------------------------------------------------------

   CREATE SEQUENCE  "USERMM"."MM_RENTAL_SEQ"  MINVALUE 1 MAXVALUE 9999999999999999999999999999 INCREMENT BY 1 START WITH 13 CACHE 20 NOORDER  NOCYCLE ;
--------------------------------------------------------
--  DDL for Table MM_MEMBER
--------------------------------------------------------

  CREATE TABLE "USERMM"."MM_MEMBER" 
   (	"MEMBER_ID" NUMBER(4,0), 
	"LAST" VARCHAR2(12 BYTE), 
	"FIRST" VARCHAR2(8 BYTE), 
	"LICENSE_NO" VARCHAR2(9 BYTE), 
	"LICENSE_ST" VARCHAR2(2 BYTE), 
	"CREDIT_CARD" VARCHAR2(12 BYTE), 
	"SUSPENSION" VARCHAR2(1 BYTE) DEFAULT 'N', 
	"MAILING_LIST" VARCHAR2(1 BYTE)
   ) SEGMENT CREATION IMMEDIATE 
  PCTFREE 10 PCTUSED 40 INITRANS 1 MAXTRANS 255 NOCOMPRESS LOGGING
  STORAGE(INITIAL 65536 NEXT 1048576 MINEXTENTS 1 MAXEXTENTS 2147483645
  PCTINCREASE 0 FREELISTS 1 FREELIST GROUPS 1 BUFFER_POOL DEFAULT FLASH_CACHE DEFAULT CELL_FLASH_CACHE DEFAULT)
  TABLESPACE "USERS" ;
--------------------------------------------------------
--  DDL for Table MM_MOVIE
--------------------------------------------------------

  CREATE TABLE "USERMM"."MM_MOVIE" 
   (	"MOVIE_ID" NUMBER(4,0), 
	"MOVIE_TITLE" VARCHAR2(40 BYTE), 
	"MOVIE_CAT_ID" NUMBER(2,0), 
	"MOVIE_VALUE" NUMBER(5,2), 
	"MOVIE_QTY" NUMBER(2,0), 
	"STK_FLAG" VARCHAR2(1 BYTE)
   ) SEGMENT CREATION IMMEDIATE 
  PCTFREE 10 PCTUSED 40 INITRANS 1 MAXTRANS 255 NOCOMPRESS LOGGING
  STORAGE(INITIAL 65536 NEXT 1048576 MINEXTENTS 1 MAXEXTENTS 2147483645
  PCTINCREASE 0 FREELISTS 1 FREELIST GROUPS 1 BUFFER_POOL DEFAULT FLASH_CACHE DEFAULT CELL_FLASH_CACHE DEFAULT)
  TABLESPACE "USERS" ;
--------------------------------------------------------
--  DDL for Table MM_MOVIE_TYPE
--------------------------------------------------------

  CREATE TABLE "USERMM"."MM_MOVIE_TYPE" 
   (	"MOVIE_CAT_ID" NUMBER(2,0), 
	"MOVIE_CATEGORY" VARCHAR2(12 BYTE)
   ) SEGMENT CREATION IMMEDIATE 
  PCTFREE 10 PCTUSED 40 INITRANS 1 MAXTRANS 255 NOCOMPRESS LOGGING
  STORAGE(INITIAL 65536 NEXT 1048576 MINEXTENTS 1 MAXEXTENTS 2147483645
  PCTINCREASE 0 FREELISTS 1 FREELIST GROUPS 1 BUFFER_POOL DEFAULT FLASH_CACHE DEFAULT CELL_FLASH_CACHE DEFAULT)
  TABLESPACE "USERS" ;
--------------------------------------------------------
--  DDL for Table MM_PAY_TYPE
--------------------------------------------------------

  CREATE TABLE "USERMM"."MM_PAY_TYPE" 
   (	"PAYMENT_METHODS_ID" NUMBER(2,0), 
	"PAYMENT_METHODS" VARCHAR2(14 BYTE)
   ) SEGMENT CREATION IMMEDIATE 
  PCTFREE 10 PCTUSED 40 INITRANS 1 MAXTRANS 255 NOCOMPRESS LOGGING
  STORAGE(INITIAL 65536 NEXT 1048576 MINEXTENTS 1 MAXEXTENTS 2147483645
  PCTINCREASE 0 FREELISTS 1 FREELIST GROUPS 1 BUFFER_POOL DEFAULT FLASH_CACHE DEFAULT CELL_FLASH_CACHE DEFAULT)
  TABLESPACE "USERS" ;
--------------------------------------------------------
--  DDL for Table MM_RENTAL
--------------------------------------------------------

  CREATE TABLE "USERMM"."MM_RENTAL" 
   (	"RENTAL_ID" NUMBER(4,0), 
	"MEMBER_ID" NUMBER(4,0), 
	"MOVIE_ID" NUMBER(4,0), 
	"CHECKOUT_DATE" DATE DEFAULT SYSDATE, 
	"CHECKIN_DATE" DATE, 
	"PAYMENT_METHODS_ID" NUMBER(2,0)
   ) SEGMENT CREATION IMMEDIATE 
  PCTFREE 10 PCTUSED 40 INITRANS 1 MAXTRANS 255 NOCOMPRESS LOGGING
  STORAGE(INITIAL 65536 NEXT 1048576 MINEXTENTS 1 MAXEXTENTS 2147483645
  PCTINCREASE 0 FREELISTS 1 FREELIST GROUPS 1 BUFFER_POOL DEFAULT FLASH_CACHE DEFAULT CELL_FLASH_CACHE DEFAULT)
  TABLESPACE "USERS" ;
REM INSERTING into USERMM.MM_MEMBER
SET DEFINE OFF;
Insert into USERMM.MM_MEMBER (MEMBER_ID,LAST,FIRST,LICENSE_NO,LICENSE_ST,CREDIT_CARD,SUSPENSION,MAILING_LIST) values (10,'Tangier','Tim','111111111','VA','123456789111','N',null);
Insert into USERMM.MM_MEMBER (MEMBER_ID,LAST,FIRST,LICENSE_NO,LICENSE_ST,CREDIT_CARD,SUSPENSION,MAILING_LIST) values (11,'Ruth','Babe','222222222','VA','222222222222','N','Y');
Insert into USERMM.MM_MEMBER (MEMBER_ID,LAST,FIRST,LICENSE_NO,LICENSE_ST,CREDIT_CARD,SUSPENSION,MAILING_LIST) values (12,'Maulder','Fox','333333333','FL','333333333333','N','Y');
Insert into USERMM.MM_MEMBER (MEMBER_ID,LAST,FIRST,LICENSE_NO,LICENSE_ST,CREDIT_CARD,SUSPENSION,MAILING_LIST) values (13,'Wild','Coyote','444444444','VA','444444444444','N',null);
Insert into USERMM.MM_MEMBER (MEMBER_ID,LAST,FIRST,LICENSE_NO,LICENSE_ST,CREDIT_CARD,SUSPENSION,MAILING_LIST) values (14,'Casteel','Joan','555555555','VA','555555555555','N','Y');
REM INSERTING into USERMM.MM_MOVIE
SET DEFINE OFF;
Insert into USERMM.MM_MOVIE (MOVIE_ID,MOVIE_TITLE,MOVIE_CAT_ID,MOVIE_VALUE,MOVIE_QTY,STK_FLAG) values (1,'Alien',1,10,5,null);
Insert into USERMM.MM_MOVIE (MOVIE_ID,MOVIE_TITLE,MOVIE_CAT_ID,MOVIE_VALUE,MOVIE_QTY,STK_FLAG) values (2,'Bladerunner',1,8,3,null);
Insert into USERMM.MM_MOVIE (MOVIE_ID,MOVIE_TITLE,MOVIE_CAT_ID,MOVIE_VALUE,MOVIE_QTY,STK_FLAG) values (3,'Star Wars',1,15,11,'*');
Insert into USERMM.MM_MOVIE (MOVIE_ID,MOVIE_TITLE,MOVIE_CAT_ID,MOVIE_VALUE,MOVIE_QTY,STK_FLAG) values (4,'Texas Chainsaw Masacre',2,7,2,null);
Insert into USERMM.MM_MOVIE (MOVIE_ID,MOVIE_TITLE,MOVIE_CAT_ID,MOVIE_VALUE,MOVIE_QTY,STK_FLAG) values (5,'Jaws',2,7,1,null);
Insert into USERMM.MM_MOVIE (MOVIE_ID,MOVIE_TITLE,MOVIE_CAT_ID,MOVIE_VALUE,MOVIE_QTY,STK_FLAG) values (6,'The good, the bad and the ugly',3,7,2,null);
Insert into USERMM.MM_MOVIE (MOVIE_ID,MOVIE_TITLE,MOVIE_CAT_ID,MOVIE_VALUE,MOVIE_QTY,STK_FLAG) values (7,'Silverado',3,7,1,null);
Insert into USERMM.MM_MOVIE (MOVIE_ID,MOVIE_TITLE,MOVIE_CAT_ID,MOVIE_VALUE,MOVIE_QTY,STK_FLAG) values (8,'Duck Soup',4,5,1,null);
Insert into USERMM.MM_MOVIE (MOVIE_ID,MOVIE_TITLE,MOVIE_CAT_ID,MOVIE_VALUE,MOVIE_QTY,STK_FLAG) values (9,'Planes, trains and automobiles',4,5,3,null);
Insert into USERMM.MM_MOVIE (MOVIE_ID,MOVIE_TITLE,MOVIE_CAT_ID,MOVIE_VALUE,MOVIE_QTY,STK_FLAG) values (10,'Waking Ned Devine',4,12,4,null);
Insert into USERMM.MM_MOVIE (MOVIE_ID,MOVIE_TITLE,MOVIE_CAT_ID,MOVIE_VALUE,MOVIE_QTY,STK_FLAG) values (11,'Deep Blue Sea',5,14,3,null);
Insert into USERMM.MM_MOVIE (MOVIE_ID,MOVIE_TITLE,MOVIE_CAT_ID,MOVIE_VALUE,MOVIE_QTY,STK_FLAG) values (12,'The Fifth Element',5,15,5,'*');
REM INSERTING into USERMM.MM_MOVIE_TYPE
SET DEFINE OFF;
Insert into USERMM.MM_MOVIE_TYPE (MOVIE_CAT_ID,MOVIE_CATEGORY) values (1,'SciFi');
Insert into USERMM.MM_MOVIE_TYPE (MOVIE_CAT_ID,MOVIE_CATEGORY) values (2,'Horror');
Insert into USERMM.MM_MOVIE_TYPE (MOVIE_CAT_ID,MOVIE_CATEGORY) values (3,'Western');
Insert into USERMM.MM_MOVIE_TYPE (MOVIE_CAT_ID,MOVIE_CATEGORY) values (4,'Comedy');
Insert into USERMM.MM_MOVIE_TYPE (MOVIE_CAT_ID,MOVIE_CATEGORY) values (5,'Drama');
REM INSERTING into USERMM.MM_PAY_TYPE
SET DEFINE OFF;
Insert into USERMM.MM_PAY_TYPE (PAYMENT_METHODS_ID,PAYMENT_METHODS) values (1,'Account');
Insert into USERMM.MM_PAY_TYPE (PAYMENT_METHODS_ID,PAYMENT_METHODS) values (2,'Credit Card');
Insert into USERMM.MM_PAY_TYPE (PAYMENT_METHODS_ID,PAYMENT_METHODS) values (3,'Check');
Insert into USERMM.MM_PAY_TYPE (PAYMENT_METHODS_ID,PAYMENT_METHODS) values (4,'Cash');
Insert into USERMM.MM_PAY_TYPE (PAYMENT_METHODS_ID,PAYMENT_METHODS) values (5,'Debit Card');
REM INSERTING into USERMM.MM_RENTAL
SET DEFINE OFF;
Insert into USERMM.MM_RENTAL (RENTAL_ID,MEMBER_ID,MOVIE_ID,CHECKOUT_DATE,CHECKIN_DATE,PAYMENT_METHODS_ID) values (1,10,11,to_date('04-JUN-12','DD-MON-RR'),null,2);
Insert into USERMM.MM_RENTAL (RENTAL_ID,MEMBER_ID,MOVIE_ID,CHECKOUT_DATE,CHECKIN_DATE,PAYMENT_METHODS_ID) values (2,10,8,to_date('04-JUN-12','DD-MON-RR'),null,2);
Insert into USERMM.MM_RENTAL (RENTAL_ID,MEMBER_ID,MOVIE_ID,CHECKOUT_DATE,CHECKIN_DATE,PAYMENT_METHODS_ID) values (3,12,6,to_date('04-JUN-12','DD-MON-RR'),null,2);
Insert into USERMM.MM_RENTAL (RENTAL_ID,MEMBER_ID,MOVIE_ID,CHECKOUT_DATE,CHECKIN_DATE,PAYMENT_METHODS_ID) values (4,13,3,to_date('04-JUN-12','DD-MON-RR'),null,5);
Insert into USERMM.MM_RENTAL (RENTAL_ID,MEMBER_ID,MOVIE_ID,CHECKOUT_DATE,CHECKIN_DATE,PAYMENT_METHODS_ID) values (5,13,5,to_date('04-JUN-12','DD-MON-RR'),null,5);
Insert into USERMM.MM_RENTAL (RENTAL_ID,MEMBER_ID,MOVIE_ID,CHECKOUT_DATE,CHECKIN_DATE,PAYMENT_METHODS_ID) values (6,13,11,to_date('04-JUN-12','DD-MON-RR'),null,5);
Insert into USERMM.MM_RENTAL (RENTAL_ID,MEMBER_ID,MOVIE_ID,CHECKOUT_DATE,CHECKIN_DATE,PAYMENT_METHODS_ID) values (7,14,10,to_date('04-JUN-12','DD-MON-RR'),null,2);
Insert into USERMM.MM_RENTAL (RENTAL_ID,MEMBER_ID,MOVIE_ID,CHECKOUT_DATE,CHECKIN_DATE,PAYMENT_METHODS_ID) values (8,14,7,to_date('04-JUN-12','DD-MON-RR'),null,2);
Insert into USERMM.MM_RENTAL (RENTAL_ID,MEMBER_ID,MOVIE_ID,CHECKOUT_DATE,CHECKIN_DATE,PAYMENT_METHODS_ID) values (9,12,4,to_date('04-JUN-12','DD-MON-RR'),null,4);
Insert into USERMM.MM_RENTAL (RENTAL_ID,MEMBER_ID,MOVIE_ID,CHECKOUT_DATE,CHECKIN_DATE,PAYMENT_METHODS_ID) values (10,12,12,to_date('04-JUN-12','DD-MON-RR'),null,4);
Insert into USERMM.MM_RENTAL (RENTAL_ID,MEMBER_ID,MOVIE_ID,CHECKOUT_DATE,CHECKIN_DATE,PAYMENT_METHODS_ID) values (11,12,3,to_date('04-JUN-12','DD-MON-RR'),null,4);
Insert into USERMM.MM_RENTAL (RENTAL_ID,MEMBER_ID,MOVIE_ID,CHECKOUT_DATE,CHECKIN_DATE,PAYMENT_METHODS_ID) values (12,13,4,to_date('04-JUN-12','DD-MON-RR'),null,5);
--------------------------------------------------------
--  DDL for Index PAYMENT_METHODS_ID_PK
--------------------------------------------------------

  CREATE UNIQUE INDEX "USERMM"."PAYMENT_METHODS_ID_PK" ON "USERMM"."MM_PAY_TYPE" ("PAYMENT_METHODS_ID") 
  PCTFREE 10 INITRANS 2 MAXTRANS 255 
  STORAGE(INITIAL 65536 NEXT 1048576 MINEXTENTS 1 MAXEXTENTS 2147483645
  PCTINCREASE 0 FREELISTS 1 FREELIST GROUPS 1 BUFFER_POOL DEFAULT FLASH_CACHE DEFAULT CELL_FLASH_CACHE DEFAULT)
  TABLESPACE "USERS" ;
--------------------------------------------------------
--  DDL for Index MOVIES_ID_PK
--------------------------------------------------------

  CREATE UNIQUE INDEX "USERMM"."MOVIES_ID_PK" ON "USERMM"."MM_MOVIE" ("MOVIE_ID") 
  PCTFREE 10 INITRANS 2 MAXTRANS 255 
  STORAGE(INITIAL 65536 NEXT 1048576 MINEXTENTS 1 MAXEXTENTS 2147483645
  PCTINCREASE 0 FREELISTS 1 FREELIST GROUPS 1 BUFFER_POOL DEFAULT FLASH_CACHE DEFAULT CELL_FLASH_CACHE DEFAULT)
  TABLESPACE "USERS" ;
--------------------------------------------------------
--  DDL for Index MOVIE_CAT_ID_PK
--------------------------------------------------------

  CREATE UNIQUE INDEX "USERMM"."MOVIE_CAT_ID_PK" ON "USERMM"."MM_MOVIE_TYPE" ("MOVIE_CAT_ID") 
  PCTFREE 10 INITRANS 2 MAXTRANS 255 
  STORAGE(INITIAL 65536 NEXT 1048576 MINEXTENTS 1 MAXEXTENTS 2147483645
  PCTINCREASE 0 FREELISTS 1 FREELIST GROUPS 1 BUFFER_POOL DEFAULT FLASH_CACHE DEFAULT CELL_FLASH_CACHE DEFAULT)
  TABLESPACE "USERS" ;
--------------------------------------------------------
--  DDL for Index CUST_CUSTID_PK
--------------------------------------------------------

  CREATE UNIQUE INDEX "USERMM"."CUST_CUSTID_PK" ON "USERMM"."MM_MEMBER" ("MEMBER_ID") 
  PCTFREE 10 INITRANS 2 MAXTRANS 255 
  STORAGE(INITIAL 65536 NEXT 1048576 MINEXTENTS 1 MAXEXTENTS 2147483645
  PCTINCREASE 0 FREELISTS 1 FREELIST GROUPS 1 BUFFER_POOL DEFAULT FLASH_CACHE DEFAULT CELL_FLASH_CACHE DEFAULT)
  TABLESPACE "USERS" ;
--------------------------------------------------------
--  DDL for Index RENTALS_PK
--------------------------------------------------------

  CREATE UNIQUE INDEX "USERMM"."RENTALS_PK" ON "USERMM"."MM_RENTAL" ("RENTAL_ID") 
  PCTFREE 10 INITRANS 2 MAXTRANS 255 
  STORAGE(INITIAL 65536 NEXT 1048576 MINEXTENTS 1 MAXEXTENTS 2147483645
  PCTINCREASE 0 FREELISTS 1 FREELIST GROUPS 1 BUFFER_POOL DEFAULT FLASH_CACHE DEFAULT CELL_FLASH_CACHE DEFAULT)
  TABLESPACE "USERS" ;
--------------------------------------------------------
--  DDL for Procedure HW_SP
--------------------------------------------------------
set define off;

  CREATE OR REPLACE PROCEDURE "USERMM"."HW_SP" AS 
BEGIN
  dbms_output.put_line('hello world');
END HW_SP;

/
--------------------------------------------------------
--  Constraints for Table MM_MEMBER
--------------------------------------------------------

  ALTER TABLE "USERMM"."MM_MEMBER" ADD CONSTRAINT "CUST_CREDCARD_CK" CHECK (LENGTH(credit_card) = 12) ENABLE;
 
  ALTER TABLE "USERMM"."MM_MEMBER" ADD CONSTRAINT "CUST_CUSTID_PK" PRIMARY KEY ("MEMBER_ID")
  USING INDEX PCTFREE 10 INITRANS 2 MAXTRANS 255 
  STORAGE(INITIAL 65536 NEXT 1048576 MINEXTENTS 1 MAXEXTENTS 2147483645
  PCTINCREASE 0 FREELISTS 1 FREELIST GROUPS 1 BUFFER_POOL DEFAULT FLASH_CACHE DEFAULT CELL_FLASH_CACHE DEFAULT)
  TABLESPACE "USERS"  ENABLE;
--------------------------------------------------------
--  Constraints for Table MM_PAY_TYPE
--------------------------------------------------------

  ALTER TABLE "USERMM"."MM_PAY_TYPE" ADD CONSTRAINT "PAYMENT_METHODS_ID_PK" PRIMARY KEY ("PAYMENT_METHODS_ID")
  USING INDEX PCTFREE 10 INITRANS 2 MAXTRANS 255 
  STORAGE(INITIAL 65536 NEXT 1048576 MINEXTENTS 1 MAXEXTENTS 2147483645
  PCTINCREASE 0 FREELISTS 1 FREELIST GROUPS 1 BUFFER_POOL DEFAULT FLASH_CACHE DEFAULT CELL_FLASH_CACHE DEFAULT)
  TABLESPACE "USERS"  ENABLE;
--------------------------------------------------------
--  Constraints for Table MM_MOVIE
--------------------------------------------------------

  ALTER TABLE "USERMM"."MM_MOVIE" ADD CONSTRAINT "MOVIES_ID_PK" PRIMARY KEY ("MOVIE_ID")
  USING INDEX PCTFREE 10 INITRANS 2 MAXTRANS 255 
  STORAGE(INITIAL 65536 NEXT 1048576 MINEXTENTS 1 MAXEXTENTS 2147483645
  PCTINCREASE 0 FREELISTS 1 FREELIST GROUPS 1 BUFFER_POOL DEFAULT FLASH_CACHE DEFAULT CELL_FLASH_CACHE DEFAULT)
  TABLESPACE "USERS"  ENABLE;
 
  ALTER TABLE "USERMM"."MM_MOVIE" ADD CONSTRAINT "MOVIES_VALUE_CK" CHECK (movie_value BETWEEN 5 and 100) ENABLE;
 
  ALTER TABLE "USERMM"."MM_MOVIE" MODIFY ("MOVIE_CAT_ID" NOT NULL ENABLE);
--------------------------------------------------------
--  Constraints for Table MM_MOVIE_TYPE
--------------------------------------------------------

  ALTER TABLE "USERMM"."MM_MOVIE_TYPE" ADD CONSTRAINT "MOVIE_CAT_ID_PK" PRIMARY KEY ("MOVIE_CAT_ID")
  USING INDEX PCTFREE 10 INITRANS 2 MAXTRANS 255 
  STORAGE(INITIAL 65536 NEXT 1048576 MINEXTENTS 1 MAXEXTENTS 2147483645
  PCTINCREASE 0 FREELISTS 1 FREELIST GROUPS 1 BUFFER_POOL DEFAULT FLASH_CACHE DEFAULT CELL_FLASH_CACHE DEFAULT)
  TABLESPACE "USERS"  ENABLE;
--------------------------------------------------------
--  Constraints for Table MM_RENTAL
--------------------------------------------------------

  ALTER TABLE "USERMM"."MM_RENTAL" ADD CONSTRAINT "RENTALS_PK" PRIMARY KEY ("RENTAL_ID")
  USING INDEX PCTFREE 10 INITRANS 2 MAXTRANS 255 
  STORAGE(INITIAL 65536 NEXT 1048576 MINEXTENTS 1 MAXEXTENTS 2147483645
  PCTINCREASE 0 FREELISTS 1 FREELIST GROUPS 1 BUFFER_POOL DEFAULT FLASH_CACHE DEFAULT CELL_FLASH_CACHE DEFAULT)
  TABLESPACE "USERS"  ENABLE;
--------------------------------------------------------
--  Ref Constraints for Table MM_MOVIE
--------------------------------------------------------

  ALTER TABLE "USERMM"."MM_MOVIE" ADD CONSTRAINT "MOVIE_TYPE_FK" FOREIGN KEY ("MOVIE_CAT_ID")
	  REFERENCES "USERMM"."MM_MOVIE_TYPE" ("MOVIE_CAT_ID") ENABLE;
--------------------------------------------------------
--  Ref Constraints for Table MM_RENTAL
--------------------------------------------------------

  ALTER TABLE "USERMM"."MM_RENTAL" ADD CONSTRAINT "MEMBER_ID_FK" FOREIGN KEY ("MEMBER_ID")
	  REFERENCES "USERMM"."MM_MEMBER" ("MEMBER_ID") ENABLE;
 
  ALTER TABLE "USERMM"."MM_RENTAL" ADD CONSTRAINT "MOVIE_ID_FK" FOREIGN KEY ("MOVIE_ID")
	  REFERENCES "USERMM"."MM_MOVIE" ("MOVIE_ID") ENABLE;
 
  ALTER TABLE "USERMM"."MM_RENTAL" ADD CONSTRAINT "PAY_ID_FK" FOREIGN KEY ("PAYMENT_METHODS_ID")
	  REFERENCES "USERMM"."MM_PAY_TYPE" ("PAYMENT_METHODS_ID") ENABLE;
